Assembly;TP;FP;FN;Precision;Sensitivity;F1;Method;Tool;Dataset;Evaluator
Bambu;119;41;0;0.74375;1;0.853046594982079;Guided;Bambu;LSK114_sequins;GFFcompare
Bambu-noRef;68;13;43;0.839506172839506;0.612612612612613;0.708333333333333;De novo;Bambu;LSK114_sequins;GFFcompare
Control;106;4567;9;0.0226835009629788;0.921739130434783;0.0442773600668337;RawReads;RawReads;LSK114_sequins;GFFcompare
FLAIR;82;30;35;0.732142857142857;0.700854700854701;0.716157205240175;Guided;FLAIR;LSK114_sequins;GFFcompare
FLAIR-noRef;64;332;34;0.161616161616162;0.653061224489796;0.259109311740891;De novo;FLAIR;LSK114_sequins;GFFcompare
FLAMES;48;0;71;1;0.403361344537815;0.574850299401198;Guided;FLAMES;LSK114_sequins;GFFcompare
isONclust2;49;17;58;0.742424242424242;0.457943925233645;0.566473988439306;Ab initio;isONclust2;LSK114_sequins;GFFcompare
isONclust;64;24;39;0.727272727272727;0.621359223300971;0.670157068062827;Ab initio;isONclust;LSK114_sequins;GFFcompare
isoQuant;98;5;21;0.951456310679612;0.823529411764706;0.882882882882883;Guided;isoQuant;LSK114_sequins;GFFcompare
isoQuant-noRef;59;8;57;0.880597014925373;0.508620689655172;0.644808743169399;De novo;isoQuant;LSK114_sequins;GFFcompare
Mandalorion;75;10;43;0.882352941176471;0.635593220338983;0.738916256157635;Guided;Mandalorion;LSK114_sequins;GFFcompare
RATTLE;40;28;62;0.588235294117647;0.392156862745098;0.470588235294118;Ab initio;RATTLE;LSK114_sequins;GFFcompare
RNAbloom2;78;44;30;0.639344262295082;0.722222222222222;0.678260869565217;Ab initio;RNAbloom2;LSK114_sequins;GFFcompare
RNAbloom;71;45;31;0.612068965517241;0.696078431372549;0.651376146788991;Ab initio;RNAbloom;LSK114_sequins;GFFcompare
Stringtie2;98;14;20;0.875;0.830508474576271;0.852173913043478;Guided;Stringtie2;LSK114_sequins;GFFcompare
Stringtie2-noRef;81;25;27;0.764150943396226;0.75;0.757009345794393;De novo;Stringtie2;LSK114_sequins;GFFcompare
TALON;90;87;27;0.508474576271186;0.769230769230769;0.612244897959184;Guided;TALON;LSK114_sequins;GFFcompare
TALON_reco;91;37;28;0.7109375;0.764705882352941;0.736842105263158;Guided;TALON;LSK114_sequins;GFFcompare
Bambu;141;35;0;0.801136363636364;1;0.889589905362776;Guided;Bambu;LSK114_SIRVs;GFFcompare
Bambu-noRef;23;10;110;0.696969696969697;0.172932330827068;0.27710843373494;De novo;Bambu;LSK114_SIRVs;GFFcompare
Control;136;2124;4;0.0601769911504425;0.971428571428571;0.113333333333333;RawReads;RawReads;LSK114_SIRVs;GFFcompare
FLAIR;61;12;74;0.835616438356164;0.451851851851852;0.586538461538461;Guided;FLAIR;LSK114_SIRVs;GFFcompare
FLAIR-noRef;99;160;24;0.382239382239382;0.804878048780488;0.518324607329843;De novo;FLAIR;LSK114_SIRVs;GFFcompare
FLAMES;53;0;88;1;0.375886524822695;0.54639175257732;Guided;FLAMES;LSK114_SIRVs;GFFcompare
isONclust2;84;10;50;0.893617021276596;0.626865671641791;0.736842105263158;Ab initio;isONclust2;LSK114_SIRVs;GFFcompare
isONclust;94;15;40;0.862385321100917;0.701492537313433;0.773662551440329;Ab initio;isONclust;LSK114_SIRVs;GFFcompare
isoQuant;31;7;104;0.815789473684211;0.22962962962963;0.358381502890173;Guided;isoQuant;LSK114_SIRVs;GFFcompare
isoQuant-noRef;31;7;104;0.815789473684211;0.22962962962963;0.358381502890173;De novo;isoQuant;LSK114_SIRVs;GFFcompare
Mandalorion;112;5;29;0.957264957264957;0.794326241134752;0.868217054263566;Guided;Mandalorion;LSK114_SIRVs;GFFcompare
RATTLE;67;25;59;0.728260869565217;0.531746031746032;0.614678899082569;Ab initio;RATTLE;LSK114_SIRVs;GFFcompare
RNAbloom2;98;42;29;0.7;0.771653543307087;0.734082397003745;Ab initio;RNAbloom2;LSK114_SIRVs;GFFcompare
RNAbloom;95;32;29;0.748031496062992;0.766129032258065;0.756972111553785;Ab initio;RNAbloom;LSK114_SIRVs;GFFcompare
Stringtie2;125;6;16;0.954198473282443;0.886524822695035;0.919117647058823;Guided;Stringtie2;LSK114_SIRVs;GFFcompare
Stringtie2-noRef;92;31;33;0.747967479674797;0.736;0.741935483870968;De novo;Stringtie2;LSK114_SIRVs;GFFcompare
TALON;128;108;7;0.542372881355932;0.948148148148148;0.690026954177898;Guided;TALON;LSK114_SIRVs;GFFcompare
TALON_reco;124;65;9;0.656084656084656;0.932330827067669;0.770186335403727;Guided;TALON;LSK114_SIRVs;GFFcompare
Bambu;119;41;0;0.74375;1;0.853046594982079;Guided;Bambu;LSK114_sequins;SQANTI3
Bambu-noRef;68;12;51;0.85;0.571428571428571;0.683417085427136;De novo;Bambu;LSK114_sequins;SQANTI3
Control;93;15322;26;0.00603308465780084;0.781512605042017;0.0119737350328312;RawReads;RawReads;LSK114_sequins;SQANTI3
FLAIR;82;31;37;0.725663716814159;0.689075630252101;0.706896551724138;Guided;FLAIR;LSK114_sequins;SQANTI3
FLAIR-noRef;65;312;54;0.172413793103448;0.546218487394958;0.262096774193548;De novo;FLAIR;LSK114_sequins;SQANTI3
FLAMES;48;0;71;1;0.403361344537815;0.574850299401198;Guided;FLAMES;LSK114_sequins;SQANTI3
isONclust2;61;21;58;0.74390243902439;0.512605042016807;0.606965174129353;Ab initio;isONclust2;LSK114_sequins;SQANTI3
isONclust;77;42;42;0.647058823529412;0.647058823529412;0.647058823529412;Ab initio;isONclust;LSK114_sequins;SQANTI3
isoQuant;98;5;21;0.951456310679612;0.823529411764706;0.882882882882883;Guided;isoQuant;LSK114_sequins;SQANTI3
isoQuant-noRef;59;7;60;0.893939393939394;0.495798319327731;0.637837837837838;De novo;isoQuant;LSK114_sequins;SQANTI3
Mandalorion;74;11;45;0.870588235294118;0.621848739495798;0.725490196078431;Guided;Mandalorion;LSK114_sequins;SQANTI3
RATTLE;54;30;65;0.642857142857143;0.453781512605042;0.532019704433498;Ab initio;RATTLE;LSK114_sequins;SQANTI3
RNAbloom2;82;53;37;0.607407407407407;0.689075630252101;0.645669291338583;Ab initio;RNAbloom2;LSK114_sequins;SQANTI3
RNAbloom;82;52;37;0.611940298507463;0.689075630252101;0.648221343873518;Ab initio;RNAbloom;LSK114_sequins;SQANTI3
Stringtie2;97;14;22;0.873873873873874;0.815126050420168;0.843478260869565;Guided;Stringtie2;LSK114_sequins;SQANTI3
Stringtie2-noRef;75;31;44;0.707547169811321;0.630252100840336;0.666666666666667;De novo;Stringtie2;LSK114_sequins;SQANTI3
TALON;89;89;30;0.5;0.747899159663866;0.599326599326599;Guided;TALON;LSK114_sequins;SQANTI3
TALON_reco;90;37;29;0.708661417322835;0.756302521008403;0.731707317073171;Guided;TALON;LSK114_sequins;SQANTI3
Bambu;139;37;2;0.789772727272727;0.985815602836879;0.876971608832808;Guided;Bambu;LSK114_SIRVs;SQANTI3
Bambu-noRef;22;10;119;0.6875;0.156028368794326;0.254335260115607;De novo;Bambu;LSK114_SIRVs;SQANTI3
Control;57;34510;84;0.00164897156247288;0.404255319148936;0.00328454534977527;RawReads;RawReads;LSK114_SIRVs;SQANTI3
FLAIR;61;12;80;0.835616438356164;0.432624113475177;0.570093457943925;Guided;FLAIR;LSK114_SIRVs;SQANTI3
FLAIR-noRef;94;166;47;0.361538461538462;0.666666666666667;0.468827930174564;De novo;FLAIR;LSK114_SIRVs;SQANTI3
FLAMES;53;0;88;1;0.375886524822695;0.54639175257732;Guided;FLAMES;LSK114_SIRVs;SQANTI3
isONclust2;83;14;58;0.855670103092783;0.588652482269504;0.697478991596639;Ab initio;isONclust2;LSK114_SIRVs;SQANTI3
isONclust;90;31;51;0.743801652892562;0.638297872340426;0.687022900763359;Ab initio;isONclust;LSK114_SIRVs;SQANTI3
isoQuant;31;7;110;0.815789473684211;0.219858156028369;0.346368715083799;Guided;isoQuant;LSK114_SIRVs;SQANTI3
isoQuant-noRef;31;7;110;0.815789473684211;0.219858156028369;0.346368715083799;De novo;isoQuant;LSK114_SIRVs;SQANTI3
Mandalorion;112;7;29;0.941176470588235;0.794326241134752;0.861538461538461;Guided;Mandalorion;LSK114_SIRVs;SQANTI3
RATTLE;74;23;67;0.762886597938144;0.524822695035461;0.621848739495798;Ab initio;RATTLE;LSK114_SIRVs;SQANTI3
RNAbloom2;108;35;33;0.755244755244755;0.765957446808511;0.76056338028169;Ab initio;RNAbloom2;LSK114_SIRVs;SQANTI3
RNAbloom;104;28;37;0.787878787878788;0.737588652482269;0.761904761904762;Ab initio;RNAbloom;LSK114_SIRVs;SQANTI3
Stringtie2;125;6;16;0.954198473282443;0.886524822695035;0.919117647058823;Guided;Stringtie2;LSK114_SIRVs;SQANTI3
Stringtie2-noRef;27;101;114;0.2109375;0.191489361702128;0.200743494423792;De novo;Stringtie2;LSK114_SIRVs;SQANTI3
Bambu;119;41;0;0.74375;1;0.853046594982079;Guided;Bambu;LSK114_sequins;Average
Bambu-noRef;68;12.5;47;0.84472049689441;0.591304347826087;0.695652173913044;De novo;Bambu;LSK114_sequins;Average
Control;99.5;9944.5;17.5;0.00990641178813222;0.85042735042735;0.0195846865465997;RawReads;RawReads;LSK114_sequins;Average
FLAIR;82;30.5;36;0.728888888888889;0.694915254237288;0.711496746203905;Guided;FLAIR;LSK114_sequins;Average
FLAIR-noRef;64.5;322;44;0.166882276843467;0.594470046082949;0.260606060606061;De novo;FLAIR;LSK114_sequins;Average
FLAMES;48;0;71;1;0.403361344537815;0.574850299401198;Guided;FLAMES;LSK114_sequins;Average
isONclust2;55;19;58;0.743243243243243;0.486725663716814;0.588235294117647;Ab initio;isONclust2;LSK114_sequins;Average
isONclust;70.5;33;40.5;0.681159420289855;0.635135135135135;0.657342657342657;Ab initio;isONclust;LSK114_sequins;Average
isoQuant;98;5;21;0.951456310679612;0.823529411764706;0.882882882882883;Guided;isoQuant;LSK114_sequins;Average
isoQuant-noRef;59;7.5;58.5;0.887218045112782;0.502127659574468;0.641304347826087;De novo;isoQuant;LSK114_sequins;Average
Mandalorion;74.5;10.5;44;0.876470588235294;0.628691983122363;0.732186732186732;Guided;Mandalorion;LSK114_sequins;Average
RATTLE;47;29;63.5;0.618421052631579;0.425339366515837;0.50402144772118;Ab initio;RATTLE;LSK114_sequins;Average
RNAbloom2;80;48.5;33.5;0.622568093385214;0.704845814977974;0.661157024793388;Ab initio;RNAbloom2;LSK114_sequins;Average
RNAbloom;76.5;48.5;34;0.612;0.692307692307692;0.64968152866242;Ab initio;RNAbloom;LSK114_sequins;Average
Stringtie2;97.5;14;21;0.874439461883408;0.822784810126582;0.847826086956522;Guided;Stringtie2;LSK114_sequins;Average
Stringtie2-noRef;78;28;35.5;0.735849056603774;0.687224669603524;0.710706150341686;De novo;Stringtie2;LSK114_sequins;Average
TALON;89.5;88;28.5;0.504225352112676;0.758474576271186;0.60575296108291;Guided;TALON;LSK114_sequins;Average
TALON_reco;90.5;37;28.5;0.709803921568627;0.760504201680672;0.734279918864097;Guided;TALON;LSK114_sequins;Average
Bambu;140;36;1;0.795454545454545;0.99290780141844;0.883280757097792;Guided;Bambu;LSK114_SIRVs;Average
Bambu-noRef;22.5;10;114.5;0.692307692307692;0.164233576642336;0.265486725663717;De novo;Bambu;LSK114_SIRVs;Average
Control;96.5;18317;44;0.0052407201238222;0.686832740213523;0.0104020696345801;RawReads;RawReads;LSK114_SIRVs;Average
FLAIR;61;12;77;0.835616438356164;0.442028985507246;0.578199052132702;Guided;FLAIR;LSK114_SIRVs;Average
FLAIR-noRef;96.5;163;35.5;0.371868978805395;0.731060606060606;0.492975734355045;De novo;FLAIR;LSK114_SIRVs;Average
FLAMES;53;0;88;1;0.375886524822695;0.54639175257732;Guided;FLAMES;LSK114_SIRVs;Average
isONclust2;83.5;12;54;0.87434554973822;0.607272727272727;0.716738197424893;Ab initio;isONclust2;LSK114_SIRVs;Average
isONclust;92;23;45.5;0.8;0.669090909090909;0.728712871287129;Ab initio;isONclust;LSK114_SIRVs;Average
isoQuant;31;7;107;0.815789473684211;0.22463768115942;0.352272727272727;Guided;isoQuant;LSK114_SIRVs;Average
isoQuant-noRef;31;7;107;0.815789473684211;0.22463768115942;0.352272727272727;De novo;isoQuant;LSK114_SIRVs;Average
Mandalorion;112;6;29;0.949152542372881;0.794326241134752;0.864864864864865;Guided;Mandalorion;LSK114_SIRVs;Average
RATTLE;70.5;24;63;0.746031746031746;0.528089887640449;0.618421052631579;Ab initio;RATTLE;LSK114_SIRVs;Average
RNAbloom2;103;38.5;31;0.72791519434629;0.76865671641791;0.747731397459165;Ab initio;RNAbloom2;LSK114_SIRVs;Average
RNAbloom;99.5;30;33;0.768339768339768;0.750943396226415;0.759541984732825;Ab initio;RNAbloom;LSK114_SIRVs;Average
Stringtie2;125;6;16;0.954198473282443;0.886524822695035;0.919117647058823;Guided;Stringtie2;LSK114_SIRVs;Average
Stringtie2-noRef;59.5;66;73.5;0.474103585657371;0.447368421052632;0.460348162475822;De novo;Stringtie2;LSK114_SIRVs;Average
TALON;128;108;7;0.542372881355932;0.948148148148148;0.690026954177898;Guided;TALON;LSK114_SIRVs;Average
TALON_reco;124;65;9;0.656084656084656;0.932330827067669;0.770186335403727;Guided;TALON;LSK114_SIRVs;Average
