Sequin	MixA	Type	Transcript	Classcode	TPM	nbReads
R1_101_2	3.7766	TP	73:516|a2eab31b-a45f-4fbd-a858-cc1555b4295a	=	19.821305	57.000
R1_102_1	13.2179	TP	58:1553|c8105af3-5e09-4f7a-8206-c44b052fa759-1	=	6.339565	89.000
R1_102_2	1.8883	TP	64:1435|20f13cd7-7b4e-4f81-9d8f-26a1c97f0f99	=	2.703062	34.000
R1_103_1	60.4248	TP	74:1830|1f324348-e0f6-43cc-907d-0f5b6797ea14	=	50.447127	859.000
R1_103_2	906.3721	TP	68:1949|c98007d7-1c42-46cf-be79-7cfd89b0cc04	=	165.852091	3025.000
R1_11_1	483.3985	TP	56:764|46cdc9d4-1fcd-48b9-b22f-eca870067db5	=	690.853453	3551.000
R1_11_2	1450.1954	TP	60:854|6b470e49-abf7-48c0-8f5d-9ff9a4a10265	=	1810.529458	11028.000
R1_13_1	113.2965	TP	59:2006|4b51676c-2310-48d9-901e-ff99eed0709c	=	40.219645	770.000
R1_13_2	7.5531	TP	79:793|e915dd09-b749-4b6a-b47c-4fd77df14072	=	21.095843	107.000
R1_14_1	483.3984	TP	59:1086|c1528cb2-719d-497c-b007-1bccd07f4598	c	2.445025	8.000
R1_14_1	483.3984	TP	60:731|f0d573f0-d8b8-4e6c-8fba-9b5f43c26d22	=	3565.931113	17683.000
R1_22_1	453.186	TP	73:1251|a735f5dd-7c90-47d7-acd4-a3c41a758382	=	128.212814	1334.000
R1_22_2	30.2124	TP	76:1119|2631df38-922b-4e1a-a14a-d5356a349927	=	145.163685	1300.000
R1_23_1	26.4359	TP	77:1755|d313187d-785f-42fb-99fa-94315555fad9	=	4.726297	77.000
R1_23_2	3.7766	TP	74:1262|0cd27c87-ce2b-4b08-a743-f574d9b25e58	=	4.075151	43.000
R1_31_1	211.4868	TP	69:733|671c7eb2-0b5d-45ad-83ec-f69d43d32d82	=	273.983715	1278.000
R1_31_2	30.2124	TP	53:1542|163eb694-9b35-4bbf-a6ff-97bc2e6f0c0d	=	41.659344	574.000
R1_32_1	56.6483	TP	70:1022|b654a065-6da3-4fa6-ba6f-703597a5f7c0	=	9.545373	75.000
R1_32_2	3.7766	TP	54:845|7e1849c1-72ba-4ee3-851a-eba0829ae2b4	=	7.788642	47.000
R1_33_2	60.4248	TP	69:630|5b23d633-901e-4f5d-9d42-a70a330edcbb	=	67.160190	587.000
R1_33_2	60.4248	TP	69:630|5b23d633-901e-4f5d-9d42-a70a330edcbb-1	=	89.209783	303.000
R1_41_1	90.6372	TP	80:527|284c6eae-3831-4daf-a9b5-d30112b967ac	=	190.673118	408.000
R1_52_2	0.8851	TP	54:1567|7d8d83b7-df31-43c2-85c1-8622544dfa6a	=	0.493051	7.000
R1_61_1	1.8883	TP	78:753|e819b2b7-ca94-41df-a4c4-083037f4d698	=	2.346840	11.000
R1_61_2	5.6648	TP	66:610|35ab0e26-c0d4-483f-9fb9-71ce0d2e1c3a	=	9.607446	31.000
R1_62_1	2.8325	TP	60:1025|27faec34-be9e-41cf-be5e-28f6b42e7aa5	=	2.756289	22.000
R1_71_1	3.7766	TP	76:908|6bb1386a-2340-4195-b1db-dd2cadcf77bc	=	8.528078	56.000
R1_71_2	26.4359	TP	70:550|e1e368bf-5bcd-40d4-959b-bcdfafb9dff6	=	64.132733	167.000
R1_72_2	1.2652	TP	37:1249|9c2cab71-70a7-4799-9dda-06600703fb12	=	1.084870	12.000
R1_73_1	161.9385	TP	72:756|32ea7fe8-4a9f-4ef4-93a9-9c8ee79bf471	c	1068.977352	5192.000
R1_73_2	79.7607	TP	63:968|00c3f149-b712-4dec-bad9-48de8ddfb496	c	685.270094	3243.000
R1_91_1	1.8883	TP	65:683|1529b282-2732-40cb-8803-41a614060c10	=	6.908219	28.000
R1_92_1	60.4248	TP	63:406|2ebbd6b8-966d-4718-b595-0a11f8e2af8a	c	24017.548878	1150.000
R1_92_1	60.4248	TP	74:586|83d8783d-266e-487b-8269-0b0dbffd84e4	c	19775.453119	1099.000
R1_92_2	60.4248	TP	64:802|68f4b5fd-e32d-4057-9960-f510cfa8cbc0	=	238.870459	1290.000
R2_117_1	30.2124	TP	68:1100|593b2686-37e9-4600-be9c-3301ef14c05f	=	55.078134	492.000
R2_117_3	30.2124	TP	73:1021|756938d4-dacc-4c57-87d2-1349dd1282bf	=	69.744859	548.000
R2_14_1	551.0742	TP	69:1190|0acda233-95a1-4c7a-a1cb-e336a597dbbd	=	712.689184	6802.000
R2_14_1	551.0742	TP	72:1328|4dc64da6-c18c-4024-80da-49c5e9fa9c53	=	730.789119	6801.000
R2_14_1	551.0742	TP	73:1164|54efabbf-b489-4a8e-9402-75c71bdc2707	=	720.062353	6799.000
R2_14_1	551.0742	TP	80:1175|2c05c3f0-afb7-42d1-9368-2c6631b3490d	=	715.981711	6801.000
R2_14_2	280.3711	TP	62:692|168ca369-1534-4c58-8a1b-a5c9163f6253	=	4595.670345	18783.000
R2_14_2	280.3711	TP	74:689|970e63c4-62a6-40c6-8b21-b083b2b033a7	=	4533.853281	18787.000
R2_14_2	280.3711	TP	76:660|e377e0c1-fa9b-427e-bcdc-c7edeb0f61d1	=	5005.528421	18588.000
R2_14_2	280.3711	TP	79:1192|bb83d273-6bab-4488-9889-757f34d3fe32	=	4795.670444	18786.000
R2_14_3	135.3516	TP	64:874|21441392-201d-48cb-9b51-6a67b67bd264	=	717.453672	4500.000
R2_150_1	483.3985	TP	54:826|b279e3a9-df2e-4573-afa3-fd79da7474ff	=	477.636165	2839.000
R2_150_1	483.3985	TP	74:868|53cdd20e-f207-4b30-b444-ed41ebe052a6	=	473.130163	2839.000
R2_150_1	483.3985	TP	76:832|81909891-7f83-44ba-b40f-a73d8551b6e3	=	495.571120	2839.000
R2_150_2	483.3985	TP	325:683|9c6fdfad-d3cb-4bcd-bec4-dda67aa7232b	c	0.000000	0.000
R2_150_2	483.3985	TP	498:845|ae2c17de-5fbe-4a0f-9e65-718c5b5c5449	c	1100.230725	1171.000
R2_150_2	483.3985	TP	502:848|83247d1d-b30d-46ae-8155-9aae13f2ae62	c	1067.148229	1172.000
R2_150_2	483.3985	TP	507:857|177d7b8f-f6a3-4b56-9fa2-117481ff0f8c	c	1035.154821	1172.000
R2_150_2	483.3985	TP	75:1918|aec76b09-1f63-43aa-886a-355ba19bb700	=	162.706745	2940.000
R2_153_1	0.5381	TP	58:740|b98e64d7-05f0-4d05-b6b2-76dac31ac48c	=	1.064175	5.000
R2_154_2	1691.8946	TP	53:898|7f5f5edf-8602-4336-9787-27fefa792486	=	1517.506579	10652.000
R2_154_2	1691.8946	TP	70:908|bb2f2824-05d7-4a94-b274-96f210fcee50	=	1520.243509	10654.000
R2_154_2	1691.8946	TP	74:1272|c91fe654-7ebf-46af-9b3b-4b2304db058f	c	660.515815	2221.000
R2_19_1	4.985	TP	71:1770|5a8cd664-2f64-4645-b62a-fc1f10ea5a5c	=	2.209697	36.000
R2_19_2	10.1212	TP	60:922|0443f8ac-a386-47f8-a16a-3c49c23f1a2c	c	0.434393	3.000
R2_19_2	10.1212	TP	67:2848|9a3e3736-e45c-49f7-af37-eecdf294d10a	c	0.879881	26.000
R2_1_1	0.9441	TP	74:1074|5ac7dd66-caf2-43b5-8786-036b074d640a	=	0.947201	8.000
R2_26_1	19.9402	TP	59:1843|8a22c55f-27f1-4c23-ab49-d917fd87d6c0	c	4.756841	1.000
R2_26_1	19.9402	TP	67:681|eb3c18c9-2f5c-4ba5-8dfc-bff9169f2f13	c	18.435753	67.000
R2_26_2	40.4846	TP	60:1485|e97c34a7-e621-48ce-aaf8-84591655c1c1	=	13.775001	182.000
R2_32_1	17.2211	TP	90:982|ceef087c-a731-4361-a784-00e22b8d8ba0	=	60.501525	424.000
R2_32_2	8.7616	TP	61:1299|6bfe4fcd-e09e-478e-995e-866d25542b43	=	13.608957	155.000
R2_38_1	31.9043	TP	68:906|c9f4e998-092a-43f7-be7c-bd772420ce34	=	106.489849	727.000
R2_38_2	64.7754	TP	79:872|a2e8086b-1d22-40e9-b7d3-d549effbae35	=	880.949511	5326.000
R2_38_4	258.1347	TP	70:645|0ef28c8c-577f-4dbd-b689-8eb534da3afa	=	1272.461859	4999.000
R2_41_1	15.1062	TP	64:2253|5748b608-ff0c-4a2f-8d1a-227965e0a36d	=	16.059367	352.000
R2_41_2	226.593	TP	62:708|a9d6b13d-3c45-4d17-a219-bc930ce22ca1	=	838.981589	3486.000
R2_42_1	164.3555	TP	60:1445|cd6c2f72-7ed3-4920-97ff-cf8fea26c8d3	=	110.941903	1403.000
R2_42_2	159.5215	TP	63:742|6769140c-1430-4dd7-b194-309bd4f2d694	=	580.491067	2780.000
R2_42_2	159.5215	TP	65:522|1c05b361-be97-4a9a-a1e0-587f63e8b7ba	=	201.624931	436.000
R2_45_1	0.997	TP	58:1445|c128816d-7d79-448d-903f-2532eda1faf2	=	3.989949	51.000
R2_45_2	2.0242	TP	78:1636|7daadb79-ea66-4c84-b627-3b4b76e87d64	=	3.355542	62.000
R2_45_3	4.0182	TP	73:2032|f28a72c7-cef6-4345-8ac0-26477a939b8c	=	4.211167	78.000
R2_45_4	8.0667	TP	65:1799|fe2b20a5-fe5e-48d5-8e00-94b246819bb9	=	6.649498	113.000
R2_46_1	82.1777	TP	70:2014|d2ff52b4-921c-42c3-9ab2-09be6539861f	=	39.062416	739.000
R2_53_2	35.0464	TP	57:1980|1ada182a-338f-4f1e-a341-cb09d5698846	c	106.500699	1758.000
R2_53_2	35.0464	TP	85:2100|7577e60f-7c19-4051-a106-9006a9433425	=	92.374385	1780.000
R2_53_3	16.9189	TP	65:1761|ed71ae50-90d3-4338-be60-875c7bbbf20c	=	106.177773	1713.000
R2_54_1	0.0779	TP	62:302|0720d75b-423d-4d7e-91cf-7b31665d8fc8	c	46.280559	7.000
R2_55_2	1.4162	TP	56:729|cb4908ad-4f71-4f4c-9711-8797ae5e70c8	=	1.515406	7.000
R2_57_1	0.9441	TP	64:1456|b4cbc513-b7b0-4a74-bd34-65b598a0be55	=	2.395557	31.000
R2_57_2	6.609	TP	80:1290|da7246a4-995c-4cbc-a92b-58f6350406c6	=	7.081029	76.000
R2_59_1	4.3053	TP	83:2737|92ab36dc-027d-4b15-9c1f-71a4bf35f00d	=	1.078513	29.000
R2_59_2	2.1904	TP	64:2569|d885bb89-7be4-4f03-a33c-20e554ad919f	=	0.395551	10.000
R2_59_3	1.0574	TP	65:1174|51ba4443-4e59-43b6-8bd1-5f32c59ee1f9	=	1.270885	12.000
R2_63_1	0.9442	TP	62:1631|0959efd2-a9bb-49bf-9128-0863162f2592	=	0.401180	6.000
R2_65_1	966.7969	TP	69:1016|76e26ef4-1b4f-49f3-931c-20e7fc66d7e7	=	0.640047	5.000
R2_65_1	966.7969	TP	72:1001|5cdad802-eb1d-4350-acff-046ba6a3fabf	=	996.827857	7584.000
R2_67_1	3.7766	TP	82:631|ffe08643-df07-4397-9e2e-9bfb85691bf9	=	7.764969	24.000
R2_68_2	1.8883	TP	55:2045|ab102a5f-dc3f-48a7-9311-f8559f500c3a	=	0.302488	6.000
R2_6_1	362.5488	TP	59:623|3545189c-ac6d-4a56-8c8a-da9391d074e1	=	1083.272349	3618.000
R2_6_1	362.5488	TP	74:568|2c8ef29c-663b-4db3-987d-982618a47534	c	1308.055850	3495.000
R2_71_1	3.5406	TP	68:1191|602f0d23-2d9b-4383-b824-03d8b55d095b	=	0.806635	8.000
R2_72_3	514.336	TP	63:2429|40555f1f-0e2d-4c21-beb1-4210c2705bc5	=	175.064036	3195.000
R2_7_2	725.0977	TP	67:1801|a59b34c3-cf68-4610-a1c0-8189fce20c8e	=	215.617103	3608.000
R1_73_1	0	FP	100:1322|9b7d80a0-3893-4a33-a066-cc15f1c19064	j	713.326012	8181.000
	
R1_73_1	0	FP	1011:2934|d9ec66f1-d685-4121-bdec-cb7b3c7e15d6	j	605.614538	11423.000
	
R1_103_2	0	FP	101:1967|8c865a21-246c-4b42-aa7a-04eb312582f2	j	165.694822	3009.000
	
R2_6_2	0	FP	102:477|b1c3c8bc-979a-4c18-a942-3a778e4a2bdd	o	319.334305	470.000
	
R2_154_2	0	FP	1036:1884|a9df4228-7896-4112-8b01-4b223c9f4083	s	2.025123	13.000
	
R2_38_3	0	FP	1063:1931|0b839dc0-ed23-4048-8457-d76ab77284fc	j	854.432488	6075.000
	
R2_150_2	0	FP	108:893|9ad68515-0c7a-4709-b70c-347dc05639b7	j	472.239146	2839.000
	
R2_154_2	0	FP	115:958|d90cbc7f-cc15-48d9-82e6-32afb4da99e1	s	2.000924	14.000
	
R2_150_2	0	FP	1163:2141|7fa4dbdb-f37a-4753-86f2-fb6c7dda83c7	j	113.649211	938.000
	
R2_42_1	0	FP	1214:2608|26725f01-72c4-45e8-8dec-6151cd91b363	k	109.086361	1403.000
	
R2_14_1	0	FP	1272:2379|ec27b3eb-066a-40f2-8356-956df843acde	j	719.972466	6790.000
	
R2_46_1	0	FP	1351:3165|a8dbbb49-3cbd-4e87-92b9-3b11da22b68a	j	38.490428	726.000
	
R1_73_1	0	FP	1458:3061|31780fe3-086e-4ffd-8f06-6aae27ad90ea	j	132.972060	1930.000
	
R2_72_3	0	FP	1970:3786|0881eb2b-8e93-4245-b947-bc19289c5ee9	j	148.966071	2631.000
	
R1_73_2	0	FP	252:487|0ffe48c7-49f8-458c-b043-0ee0cc297c53	j	118.787084	109.000
	
R1_73_1	0	FP	359:1146|3a636905-af3f-4afe-a0a8-cd1bd3ca534e	j	69.009467	493.000
	
R2_154_1	0	FP	35:861|3f28dc47-3636-439b-8ac8-c4b0ec11d8c3	j	276.874924	2025.000
	
R2_76_2	0	FP	415:577|ac81d968-69e5-4975-bf37-fe4349a4fa52	x	0.000000	0.000
	
R1_73_1	0	FP	42:1918|cf8cf95d-2fd9-4eac-913b-76774323f19e	j	602.107816	11091.000
	
R2_154_1	0	FP	42:880|c7eb3f36-6fe9-486b-8bfd-3236f20c3103	j	1520.100817	10653.000
	
R1_73_1	0	FP	432:1767|05c18c8e-b010-48df-82e5-420dc89e4c2d	j	52.684628	677.000
	
R2_154_2	0	FP	43:195|943f3f00-bb14-4a8a-8fee-b71c028c0048	o	7845.739951	1333.000
	
R2_6_1	0	FP	441:1048|75a0a96e-df2a-4f43-86fb-cc84d5dc1271	j	1074.788003	3614.000
	
R2_154_2	0	FP	441:1262|bceaa0de-07b9-4ba8-8b81-5c6b00faed5b	s	2.296183	15.000
	
R1_92_1	0	FP	44:791|37090dca-6e77-45f6-a8d3-d1becb61b4e9	j	240.839469	1287.000
	
R2_154_2	0	FP	46:862|3621077c-925d-47b4-bb73-351ad61a14d2	x	2.253228	15.000
	
R2_152_1	0	FP	46:886|d5f6e2ee-4142-4737-8f81-944bd4bcb798	o	1597.388097	10634.000
	
R2_14_1	0	FP	472:871|c79fea3d-2797-44a3-83b7-5bc445c3a3a9	x	0.000000	0.000
	
R2_72_3	0	FP	47:1493|643e0be8-e116-4a07-beae-3ae8910d9596	j	199.577477	2664.000
	
R2_6_1	0	FP	47:547|fc077589-63c9-4292-96ef-2c069d4a91b7	j	1093.889956	3542.000
	
R2_14_1	0	FP	48:1123|40fbe2fd-9534-4f85-9891-6b53b068ed53	j	734.214189	6783.000
	
R1_73_1	0	FP	48:1369|41e748ea-ea8e-4d8c-8d8f-0393d7c50a13	j	293.196082	3668.000
	
R1_73_1	0	FP	48:2016|7288b826-d446-4776-9f5e-edd17c26c814	j	597.212536	11251.000
	
R2_7_2	0	FP	48:686|072deba2-5c4b-46f4-b69c-465dc811665f	j	406.347514	1785.000
	
R2_41_1	0	FP	48:706|b6451c1c-efc6-4538-a43c-9a625d785608	j	855.295120	3486.000
	
R1_14_1	0	FP	48:725|08e19657-1eb1-4eef-9d6a-fbb9e3c7a3df	x	3582.086011	17682.000
	
R2_14_1	0	FP	49:1022|bcee29ee-bd4f-4ba3-a19a-030670a9e69b	j	647.326140	5372.000
	
R2_150_1	0	FP	49:350|5b9d88f4-f8ae-40b2-b2cb-b1542a055b3c	x	1124.113175	1171.000
	
R1_11_2	0	FP	49:846|4a154d27-bcf4-4987-9912-407e021b35f3	j	1827.182355	11026.000
	
R2_14_1	0	FP	49:921|802bc559-9161-4981-ab2a-1ddfb8d0aa76	j	798.932564	5201.000
	
R2_14_1	0	FP	49:975|b27f611a-889e-4e08-a837-fffe884950bc	j	2429.300694	18895.000
	
R2_65_1	0	FP	49:999|5a1cdc2b-849e-4d5b-aad8-439c5dcc39f6	k	979.210517	7583.000
	
R1_73_1	0	FP	50:1395|84ec29a1-92f7-42b2-a23a-f5e354626898	j	640.130749	7443.000
	
R1_92_1	0	FP	50:399|f1ffa82b-c86e-4cf6-abdf-9d3e97eb3209	j	708.414724	1179.000
	
R2_14_3	0	FP	50:475|ede78c66-b42d-4211-9e01-ecaed9c1a38f	o	29.273932	58.000
	
R2_38_3	0	FP	50:628|e03ac8bd-8f9a-48d7-86e4-12ca12063e68	j	1226.021145	4997.000
	
R2_6_1	0	FP	50:629|9511d60d-aa7a-456c-8d64-a67d502cc0e0	j	1099.344242	3597.000
	
R2_150_2	0	FP	50:696|b4db9a13-3d81-4aa0-a5cb-a8bcd0dbad5a	o	260.823012	753.000
	
R2_152_1	0	FP	50:887|35184c4d-b57f-4ae9-87b0-6e7968575e8c	o	1551.981473	10648.000
	
R2_150_1	0	FP	510:842|68db50cd-497f-415b-a891-60c481beb134	x	0.000000	0.000
	
R1_73_1	0	FP	51:1968|040fc719-fa26-40e4-b312-a36e161286b9	j	601.336776	11247.000
	
R2_42_1	0	FP	51:656|2f9e8a02-63ef-477b-b88b-40879aa8d4cc	j	581.770755	2358.000
	
R2_14_1	0	FP	52:1000|1965b7ea-0043-4522-ac6b-f9afc33b046c	j	5004.724625	18755.000
	
R2_41_1	0	FP	52:673|956e0542-cd55-42e5-bc00-15d9b22aacc0	j	852.925881	3486.000
	
R1_73_1	0	FP	52:754|676eaef0-2c35-4817-bc34-0f8d72104593	j	857.187834	5095.000
	
R2_14_1	0	FP	53:1095|6f5c4d3a-8b81-4a1c-bf09-0c38d541b55b	j	737.985557	6751.000
	
R2_72_3	0	FP	53:1875|4b4ef72c-58b6-457f-8bae-1cfcbd94f5d2	j	179.066023	3191.000
	
R1_13_1	0	FP	53:2015|b3ab2961-21ae-4727-af3b-3098cfe4c26a	j	40.291125	770.000
	
R2_6_1	0	FP	53:497|f33ad3b3-0d88-4b16-9b0b-e22372bf44e3	j	586.506773	1255.000
	
R1_14_1	0	FP	53:679|4f873caa-5e6c-4f57-9772-d207daec694c	o	4146.319652	17322.000
	
R2_14_1	0	FP	53:690|03ff3159-257b-4357-94fe-c4a32ca961cd	j	4740.358059	18784.000
	
R1_11_2	0	FP	53:821|349fed5f-6691-4da6-a64a-e1b55e922214	j	1796.841689	11026.000
	
R2_38_3	0	FP	53:867|d949e28c-d69b-4551-a926-343a25870824	j	107.921646	727.000
	
R2_154_1	0	FP	53:908|312d46c0-ecb4-40e8-9ae0-24307b58bc68	j	1583.483332	10649.000
	
R2_154_2	0	FP	53:909|1d62a0a0-964a-45d8-b0e3-da5a8a5bf3e0	s	2.085280	14.000
	
R2_154_1	0	FP	53:977|031247ad-f76c-4d00-9ae7-e847be69d5f0	j	274.884067	2026.000
	
R2_14_1	0	FP	54:1062|b113dd27-a767-4c16-a8b8-0f350e7ce5c2	j	734.681561	6779.000
	
R1_14_1	0	FP	54:1119|befe7e6f-900d-48cd-ba4f-7bc35c70726e	o	843.218836	2253.000
	
R2_53_2	0	FP	54:1987|344dda9b-dc44-4d47-84a8-ad509fd08c96	j	107.027375	1757.000
	
R2_150_2	0	FP	54:638|d9b8a383-9f97-4ece-9342-93af1a9997f7	o	0.000000	0.000
	
R2_41_1	0	FP	54:646|6c584bca-5858-445e-8ea5-222412264551	j	830.829268	3264.000
	
R2_28_3	0	FP	54:661|0480ad1a-f970-442b-866a-2fb5b313c620	j	50.358106	252.000
	
R2_41_1	0	FP	54:674|c98f5ba0-285d-40a0-9470-11d95d8d6e97	j	866.575580	3375.000
	
R1_73_1	0	FP	54:891|b54b2e8e-edbc-4cfc-a16d-b1c92d7b3c06	j	438.225340	3344.000
	
R1_73_1	0	FP	55:1203|accc56e1-ae9a-4ce1-b357-602723a94e19	j	696.754717	7139.000
	
R1_73_1	0	FP	55:1528|935c59de-788c-44d1-8f1c-22276034562b	j	316.744384	4271.000
	
R1_103_2	0	FP	55:1891|82492d5b-ca14-43dd-b95d-5e65fe4576ac	j	165.591585	3009.000
	
R1_103_2	0	FP	55:1911|4cf4d872-060d-4f29-94af-f2f6e14f5974	j	165.434365	3023.000
	
R1_73_2	0	FP	55:554|01c16124-c451-406f-a0a0-d35f6c50a9c0	j	38.427771	134.000
	
R2_65_1	0	FP	55:636|0f544f2f-9797-4cf5-8c00-24b45dc8eec3	x	0.868785	3.000
	
R2_14_1	0	FP	55:641|1a7d5c76-d23f-40af-840a-233af98e3e3b	j	5094.401801	18745.000
	
R1_14_1	0	FP	55:684|993a8b48-2687-4127-855d-75a91116ca3c	o	4136.546975	17609.000
	
R2_7_2	0	FP	55:696|c6990ccb-6f55-4443-a181-536fee5a9249	s	0.229420	1.000
	
R2_65_1	0	FP	55:731|87f56c96-8eca-46f2-8678-995a7c8dd5a7	x	0.185560	1.000
	
R1_73_1	0	FP	55:737|d5098d63-2a09-4938-9e55-c975a56a2574	j	773.249023	5918.000
	
R2_42_1	0	FP	55:747|2cc36ebd-3f58-4913-833c-c31a5797b817	j	603.745392	2782.000
	
R2_150_2	0	FP	55:773|6067c4a0-9013-47e8-bb78-9063f637a6a2	x	0.000000	0.000
	
R1_73_1	0	FP	55:815|fa3dfaee-0d2a-429d-a13a-00e173daf8c9	j	921.852724	5208.000
	
R2_154_2	0	FP	55:895|899c39d1-8d51-4067-9d5f-d78cbef3db06	x	2.067845	14.000
	
R1_92_1	0	FP	55:966|316de843-e6e8-4053-8fba-9d9637cdab67	y	305.755860	2302.000
	
R2_65_1	0	FP	55:991|fbf0949b-5041-4779-b7cb-dabfcdba5516	k	995.346686	7584.000
	
R1_73_1	0	FP	56:1069|fba2ba04-22f2-4531-8694-b84df0880603	j	700.838515	6919.000
	
R2_46_1	0	FP	56:1091|30251713-f1b0-439a-b52c-3658818a26e9	j	61.314620	513.000
	
R1_73_1	0	FP	56:1595|b2a8318d-d4ba-4ce9-b726-691b29f3bb60	j	0.411299	4.000
	
R2_7_2	0	FP	56:1777|e9449cc0-a9ef-41d2-9978-496543c357b5	j	215.180337	3608.000
	
R1_73_1	0	FP	56:1892|bd9c7cc8-292e-4d5b-9d2f-605beebce816	j	544.215697	10154.000
	
R1_13_1	0	FP	56:1976|6dbe49f5-a35f-41ac-8738-3f048e4fdc08	j	40.386829	770.000
	
R1_73_1	0	FP	56:1979|b9b42071-b5dc-4592-bd11-d025fb689436	j	606.764779	11376.000
	
R1_73_1	0	FP	56:262|07950b5b-6f4a-4902-adda-5a6f79a6c730	j	54.643635	27.000
	
R1_73_2	0	FP	56:512|42c70ec3-db10-4f3f-8c00-2057c745575f	o	89.516903	376.000
	
R1_14_1	0	FP	56:646|fdaf54a4-b115-438c-ab8e-7f79201afa56	x	2.324382	9.000
	
R1_101_1	0	FP	56:804|99902cee-c9d3-4030-91ed-460779f1f4e7	k	27.806497	153.000
	
R1_11_2	0	FP	56:851|361471ce-0f17-4fe7-819f-841b26546a1b	j	1543.626967	9245.000
	
R1_11_2	0	FP	56:862|82b57814-f15b-49b6-b9b4-06ee8ca14b01	j	1834.397078	11028.000
	
R2_38_3	0	FP	56:916|7b3ca51e-258d-4752-a0ab-c1a39c893593	j	901.450060	6246.000
	
R2_38_3	0	FP	56:926|1acd620d-194c-4be5-a501-ce82b171c97d	j	846.595860	5818.000
	
R2_14_1	0	FP	56:978|8ab429d4-4791-4a27-bd44-81cdfce09a35	j	706.875420	5370.000
	
R1_91_1	0	FP	57:1021|bdebc164-220a-494a-bc6d-5099c19932de	n	21.484829	171.000
	
R2_14_1	0	FP	57:1117|371f7a7f-536e-46c6-907f-6a2ab6b1a3ed	j	734.322433	6784.000
	
R1_73_1	0	FP	57:1399|5b7fbf96-19f0-450d-978b-f9f1378f9328	j	240.191652	3062.000
	
R1_103_2	0	FP	57:1903|6715b916-e00d-446b-a581-b578e7c3618a	j	165.570871	3003.000
	
R1_33_1	0	FP	57:2415|75f692d5-08fa-4f32-97ae-0279d81827c2	j	3.466242	83.000
	
R1_73_1	0	FP	57:649|a1cc3894-c63c-4a5e-b97c-2a15835a320b	j	204.242206	992.000
	
R2_14_1	0	FP	57:661|3e65ce64-fb3b-467f-9ffe-b6c9e8271d63	j	4850.468833	18781.000
	
R2_14_1	0	FP	57:684|fb880896-9dff-4f20-9873-60be9a016c6a	j	4414.446633	18792.000
	
R1_73_2	0	FP	57:775|c9f876c1-964d-4cde-8c5d-82b63fa0d755	j	93.484272	580.000
	
R1_73_1	0	FP	57:809|d17f6759-2ce8-4871-92d5-1b9548f05ef4	j	335.138581	2269.000
	
R1_11_2	0	FP	57:837|b4b1eaf4-0ccf-4f6f-a1a7-8ba886a067a5	j	1823.760666	11026.000
	
R1_11_2	0	FP	57:849|c7de28b0-a5d3-4936-bcfa-5b7cad47436a	j	1837.691551	11027.000
	
R2_26_1	0	FP	57:865|03927ffa-c4fd-471f-97a9-dec12aec4707	j	10.128505	68.000
	
R2_6_1	0	FP	584:982|1383337b-2c10-4b5d-ba60-fb4cccd62295	j	612.108943	991.000
	
R2_154_2	0	FP	58:1000|db93dcb7-f98b-419e-b040-278c8a29939d	s	2.028701	13.000
	
R2_14_1	0	FP	58:1134|9eb2f6d7-a978-49c1-8f63-a58abd2247c9	j	731.771173	6777.000
	
R2_14_1	0	FP	58:1153|5eeec2d4-0a50-444b-ba62-72bc8dbb49d9	j	735.765322	6789.000
	
R1_73_1	0	FP	58:1293|dd09c8ca-40ed-4774-b1ec-28cee9856099	j	275.209464	3309.000
	
R1_73_1	0	FP	58:1495|9659089d-3181-4f20-99ea-f37d5c85f242	j	638.387013	8543.000
	
R2_53_2	0	FP	58:1731|98b0277a-1467-450b-876c-13bcf985cbb8	j	102.673340	1646.000
	
R2_72_3	0	FP	58:1879|99616653-1372-4a18-a012-b2b2a51e3f95	j	148.429686	2598.000
	
R1_13_1	0	FP	58:1970|d43bfd37-0413-4767-b83e-9adac78fbe91	j	40.507099	770.000
	
R1_13_1	0	FP	58:2000|d0eacd82-4a61-4fd8-a3c6-690778bd9585	j	40.362860	770.000
	
R2_6_1	0	FP	58:427|58d2c962-e5e2-42a4-af67-4ee32e39b21c	j	745.692473	954.000
	
R2_38_3	0	FP	58:650|75252e36-0653-4d1d-8482-79389ec7643b	j	1293.277927	4949.000
	
R2_14_1	0	FP	58:666|952bcdd1-ec1c-4d5f-81de-ffb526355198	j	4776.504659	18765.000
	
R2_42_1	0	FP	58:707|2c962ff7-7019-4595-8f3e-dde16120e169	j	621.872493	2774.000
	
R2_28_3	0	FP	58:711|496f4347-a008-4500-802c-f7263aea1e4a	k	56.330688	250.000
	
R2_42_1	0	FP	58:736|1fefefd5-1055-4bd9-ae50-2bf4e1f3ea80	j	596.580086	2776.000
	
R1_92_1	0	FP	58:784|8e82c7d5-3f2a-4702-97f1-5619bf9c153f	j	238.537859	1272.000
	
R1_92_1	0	FP	58:790|ec51dac4-d60b-4cf4-ba32-5c20216410f0	j	239.876229	1290.000
	
R2_14_1	0	FP	58:794|0096ce76-f613-4580-a157-74ec1fc94411	j	325.784044	2036.000
	
R2_154_1	0	FP	58:849|96d1965c-e731-4225-b51a-108cf9796864	j	1380.909721	8974.000
	
R2_154_1	0	FP	58:891|fe41abf9-08a7-45dc-a351-c659f5f2e1a6	j	269.369278	2025.000
	
R2_154_1	0	FP	58:897|0cbaeb9d-95f1-448a-861c-bee4ea6693de	j	1588.832938	10649.000
	
R2_154_1	0	FP	58:992|f2ecda0c-0ffb-4485-a0ab-6ffbd2fd5482	k	262.774637	2026.000
	
R2_117_1	0	FP	59:1003|3c6886d2-767c-44cf-b3de-388cf6134fd2	j	66.854879	548.000
	
R2_14_1	0	FP	59:1003|78e61601-5b9c-48a0-9ee5-b43983e6da11	j	4891.308934	18773.000
	
R2_14_1	0	FP	59:1007|3492e8e4-b117-47ea-9f01-8d32b816f6bc	j	712.314915	5371.000
	
R2_154_1	0	FP	59:1007|9f147e35-63d0-4b65-b7c9-47bf083ea779	k	259.972676	2025.000
	
R1_92_1	0	FP	59:1084|f8e4a69d-61a7-4853-9ed2-6d6efd934ae4	y	268.769902	2340.000
	
R1_22_1	0	FP	59:1110|6eae74c0-4faf-497e-bc58-681c1d1d3909	j	143.628547	1283.000
	
R1_73_1	0	FP	59:1124|e7973e36-1a5e-4ace-b856-2a663455e56a	j	742.823876	6913.000
	
R2_14_1	0	FP	59:1130|72454716-c5e2-424a-9632-601ca16b871a	j	734.971892	6790.000
	
R2_14_1	0	FP	59:1141|e826c654-801c-4bef-a02d-d1f8a3daa5f8	j	723.020215	6786.000
	
R2_154_2	0	FP	59:1271|d54db454-48b7-4df8-b06e-4b99bd3e1cea	x	2.603308	14.000
	
R1_22_1	0	FP	59:1283|53931711-9af0-4d31-91d4-c02105d6442a	j	128.396128	1333.000
	
R2_150_2	0	FP	59:1762|4a63b502-f432-4bae-b9b6-deb43f07b930	j	166.312372	2702.000
	
R2_7_2	0	FP	59:1801|fbf18329-c57b-4099-9b8d-25c215ec6f22	j	215.617103	3608.000
	
R1_13_1	0	FP	59:2005|d99613e7-4936-484f-a9b1-5c87c1c5be42	j	40.315008	770.000
	
R2_53_2	0	FP	59:2049|35672f88-c8bd-4a1f-a9d2-3feffe8dad71	j	92.211849	1780.000
	
R1_11_1	0	FP	59:322|42d49f5a-d40c-4826-9e3e-209ef8de5e34	x	3.787503	1.000
	
R1_33_1	0	FP	59:609|8924bc11-728d-4cc1-be1f-34ed8795ca1f	j	90.116921	302.000
	
R2_14_1	0	FP	59:677|cfac55db-85f5-4ad2-ba4f-22eb7cce4e11	j	4633.934827	18782.000
	
R2_14_1	0	FP	59:678|2d33a324-54a3-4237-b448-422978c4eeb1	j	4804.706579	18767.000
	
R2_41_1	0	FP	59:692|a40e6bf1-14b1-4b58-af9e-720871a7faef	j	862.482473	3486.000
	
R1_92_1	0	FP	59:785|774c313c-9345-41a0-a876-7cc08fc69ca3	j	243.561323	1285.000
	
R1_11_2	0	FP	59:821|0cba6250-bb31-41b7-bd7d-1b61fe8c3469	j	1851.666391	11027.000
	
R2_154_1	0	FP	59:997|ee68a2f1-ca48-4594-9fbb-d73fdebde7f5	k	263.031178	2025.000
	
R2_14_1	0	FP	60:1003|b0b3f927-c6f6-4028-8ad7-5485f879665f	j	4836.070013	18780.000
	
R2_14_1	0	FP	60:1020|a164f9de-8ae1-40cb-8953-6fff3ee86b92	j	670.881764	5370.000
	
R2_150_2	0	FP	60:1054|3c5d1088-c0e8-4b95-ac47-7fdd4b0b8efe	j	114.204853	940.000
	
R2_117_1	0	FP	60:1077|43f0a211-6c9d-4b76-a6f9-18af12047378	j	56.249443	491.000
	
R2_14_1	0	FP	60:1118|289f26d8-67bd-4170-bc23-6ee1948d42ef	j	735.367100	6777.000
	
R2_14_1	0	FP	60:1141|552a9afc-a9a4-4065-858d-e9769202e5cf	j	737.728417	6757.000
	
R1_73_1	0	FP	60:1194|23bd9914-5fa5-4fe8-a5fa-80cfaec37a2e	j	603.730290	6678.000
	
R2_14_1	0	FP	60:1296|90ba5cf8-fe4b-477e-9bd8-8438f9fda5ea	j	727.250189	6801.000
	
R2_150_2	0	FP	60:1389|796e4c8c-1b42-4290-8383-51f83f552e1b	j	163.051530	2937.000
	
R2_42_1	0	FP	60:1427|be7422f9-b7d1-4cd0-9f2d-45fde1c0faab	j	111.541049	1403.000
	
R2_42_1	0	FP	60:1446|16dce5f9-d116-40b1-b35b-2eed19534d5e	j	111.240669	1403.000
	
R2_72_3	0	FP	60:1530|7aab2f75-ecc7-4360-9dae-b58f9615528b	j	109.809386	1513.000
	
R2_53_2	0	FP	60:1733|27efc958-a04a-4483-9e90-d02de7b12cce	j	105.129795	1683.000
	
R1_73_1	0	FP	60:1791|ccfdbc4e-08e7-44a7-af8e-b73dd9a945ef	j	55.204074	975.000
	
R2_7_2	0	FP	60:1842|7f5535fd-146c-44b9-a726-bf08cc01816c	j	209.805566	3487.000
	
R1_73_1	0	FP	60:1881|d179f442-09dd-4ad5-82e2-f17becdee24c	j	313.785470	5407.000
	
R1_73_1	0	FP	60:1905|d622ba19-3696-4a05-88c1-2519185ca050	j	612.834749	11018.000
	
R1_73_1	0	FP	60:1988|9ce0326d-b7bf-4dd8-9c3a-12fac874a743	j	605.493147	11407.000
	
R1_73_1	0	FP	60:1991|7ccb13f8-a363-4b62-a9bb-fee5fcd9e010	j	607.966611	11371.000
	
R2_6_2	0	FP	60:235|26ff4e35-14c3-4366-912e-7c9ac6f52e03	o	740.459897	58.000
	
R2_6_1	0	FP	60:618|73a97376-7182-4410-bcda-583c8e76e4ac	j	1109.719340	3543.000
	
R2_42_2	0	FP	60:624|18254c31-70f3-4092-afcc-d1a3ecb4dca5	s	0.868785	3.000
	
R2_65_1	0	FP	60:641|bddc6477-c322-4952-ac81-c4e54162615e	o	207.433490	775.000
	
R2_154_1	0	FP	60:677|4ed2a168-4b4a-4054-a682-bf44034d66a7	o	1993.215859	10358.000
	
R2_14_1	0	FP	60:680|613e70df-afa7-4a9a-ab32-a5edcac18c6f	j	4681.055963	18761.000
	
R2_14_1	0	FP	60:681|f73aea82-70b0-4891-b733-77c363f98d9d	j	4864.693081	18781.000
	
R2_41_1	0	FP	60:682|503796b1-0298-4ce0-9042-b394fd68fe69	j	825.249106	3485.000
	
R1_14_1	0	FP	60:685|f0871e44-6a03-4de7-a82d-85902260c816	x	2.406717	10.000
	
R2_41_1	0	FP	60:693|6dacfe10-3220-4f3b-9542-9d4a579c51bd	j	869.791647	3486.000
	
R2_7_2	0	FP	60:714|3d587c69-ac8e-4613-9579-82b1b6da5297	j	413.349560	1783.000
	
R1_31_2	0	FP	60:733|0b168723-2ba5-4690-909e-b4c5c186407a	j	272.446773	1277.000
	
R1_11_2	0	FP	60:826|6852a128-6dba-47d3-80af-c5c96d5334a8	j	1875.959953	11023.000
	
R1_11_2	0	FP	60:828|52799d55-fb84-43d5-9907-e3136209b56b	j	1840.998479	11026.000
	
R1_11_2	0	FP	60:853|993a1174-c760-496c-8636-487fca49a591	j	1796.841689	11026.000
	
R1_11_2	0	FP	60:858|8ba9c6f9-43b1-4045-bb39-dc240b3510d3	j	1844.485218	11026.000
	
R2_154_2	0	FP	60:872|16b2eb48-0b97-4b54-8503-a2578f32dbe1	x	2.353282	15.000
	
R2_154_2	0	FP	60:917|5081d053-392e-40a2-abe8-027b63d3a579	s	2.488071	16.000
	
R1_73_1	0	FP	60:920|b2eb893d-616a-465c-8488-411fbd658d4b	j	778.402057	5931.000
	
R1_73_1	0	FP	60:930|14845135-aa53-4b90-b8b2-985bc88e3be9	j	202.414939	1595.000
	
R2_38_3	0	FP	60:944|948ba966-f9cb-4420-af23-626faf068b36	j	899.952284	6256.000
	
R2_154_1	0	FP	60:969|9b382685-6e49-42ad-8810-ef10941e7901	j	272.373710	2026.000
	
R1_73_1	0	FP	612:2493|5eb8c8d2-b1f6-4154-95aa-d2903ed32ed3	j	603.189824	11268.000
	
R2_150_2	0	FP	61:1245|0f116d15-901f-4524-8e20-9c8c03605d8c	j	343.471003	3632.000
	
R2_26_1	0	FP	61:1475|aa473039-4ca7-459b-9545-c8a1dee39cb0	j	13.829671	181.000
	
R1_73_1	0	FP	61:1523|5be1e8d2-6408-4b7e-a34a-1da156fd0791	j	637.593186	8619.000
	
R2_53_2	0	FP	61:1858|0d08d35f-a795-4975-8953-2de025f10b02	j	93.186119	1419.000
	
R1_103_2	0	FP	61:1899|a576bbcf-faf8-44eb-a9b8-e55b41419395	j	165.487232	2979.000
	
R1_103_2	0	FP	61:1906|c3a771c3-1697-4d50-ad74-fe7a4ce0476c	j	166.563304	3021.000
	
R1_103_2	0	FP	61:1937|3565f571-ee78-4c95-888f-29056a43b024	j	164.835861	2999.000
	
R1_73_1	0	FP	61:1979|b3d35fb6-ee11-4b12-b33b-5c878eade360	j	602.707947	11375.000
	
R2_53_2	0	FP	61:1994|806d4322-31a9-4210-acc1-66be96576c16	j	106.221556	1757.000
	
R1_13_1	0	FP	61:2034|fa2d23e2-e504-4e19-a1eb-ef10d30d1f7a	j	40.362860	770.000
	
R2_72_3	0	FP	61:2094|3e792ea6-6d24-42a8-8a3f-51b11a8119e9	j	175.287163	3080.000
	
R1_73_1	0	FP	61:2144|3fd51f9e-4ffa-45c6-ab83-ed97b3a5d270	j	356.015830	6175.000
	
R2_6_2	0	FP	61:232|dedd6ecf-2565-4dd0-8cc7-b10d40e23486	o	663.860598	52.000
	
R2_6_1	0	FP	61:493|b03c2d5b-db68-4cc3-937d-982f810b1979	j	213.455752	464.000
	
R2_14_3	0	FP	61:536|e7a3a839-1357-48b2-b10b-8a1aa3d540e5	o	39.037166	99.000
	
R2_6_1	0	FP	61:606|2654467b-d47c-4392-808c-a4fdccf9e774	j	1108.988506	3616.000
	
R2_14_1	0	FP	61:641|f03f0568-9ea1-4ba2-90aa-5f4f11c1ab0d	j	4893.393335	18781.000
	
R2_38_3	0	FP	61:649|78772258-87e2-4dbf-b1c6-081fd60e8426	j	115.665679	440.000
	
R2_14_1	0	FP	61:657|65cbec51-66d8-4104-a955-65ac2fde452e	j	4864.952103	18782.000
	
R1_73_1	0	FP	61:668|99e12871-4a73-4406-ba54-75d65fada201	j	319.308053	1869.000
	
R2_14_1	0	FP	61:682|cb58d81b-8bf9-49d7-adc0-523d45a1ad5e	j	4757.956646	18746.000
	
R1_14_1	0	FP	61:712|52778f20-38ca-45ad-a160-b1831d052324	x	2.398992	11.000
	
R2_38_3	0	FP	61:731|748d1933-35ff-4590-98e6-e6f55e98b28f	j	478.881402	2147.000
	
R1_73_1	0	FP	61:844|91732ca1-349d-4c09-975d-a90f07eae8fd	j	1058.930230	5359.000
	
R2_154_2	0	FP	61:857|3275392e-2778-44a6-aa46-ceeafafa6801	j	1697.814257	10649.000
	
R2_154_2	0	FP	61:912|6f907287-2d3b-459e-918a-fde04eec1864	s	2.328467	15.000
	
R2_38_3	0	FP	61:930|01ee9303-805e-4228-9554-0f19b3b8f8b9	j	892.126425	6242.000
	
R2_154_1	0	FP	61:969|1565d9e7-b40d-4dba-a9b3-2a255753ef97	j	273.488075	2025.000
	
R2_154_1	0	FP	61:986|76172f41-1413-4831-91aa-3ecf3acefe4b	j	265.898258	2026.000
	
R2_14_1	0	FP	62:1004|c2f43b03-eebf-4c89-b9b5-a1346f4e15f0	j	4936.295717	18778.000
	
R2_65_1	0	FP	62:1016|63a8b0a5-77ad-46b5-873b-391e3e193026	x	0.644719	5.000
	
R2_140_1	0	FP	62:1026|947b57ee-2008-481e-b7dd-d351de9a2912	o	11.087532	89.000
	
R1_33_1	0	FP	62:1053|ef6ac1d4-fa35-48c9-851b-0a141c378f15	j	2.749464	24.000
	
R2_46_1	0	FP	62:1068|298f229f-7a91-43e6-98b0-2919ba08f05b	j	60.496000	513.000
	
R2_28_3	0	FP	62:1075|45e33c98-311a-4a08-8bc3-3ab698abfa97	m	54.015064	477.000
	
R1_22_1	0	FP	62:1114|ef6279b5-416d-44d6-8491-2f65ad9d3cce	j	146.087118	1300.000
	
R2_14_1	0	FP	62:1143|72b53cab-8bfe-45a7-9d54-9f1daf456071	j	763.272314	6749.000
	
R1_73_1	0	FP	62:1256|10fa3ae7-325b-40b2-9946-7a32981e27ee	j	625.047470	7395.000
	
R2_38_1	0	FP	62:167|f5a9e503-679b-4be5-8d65-0175819a79db	o	538.744283	26.000
	
R1_73_1	0	FP	62:1706|20d4b52d-06dc-4a63-b38e-ae23e0abf898	j	546.801577	8506.000
	
R1_73_1	0	FP	62:1983|2526253e-acc0-4460-b434-c4d3f7f7784f	j	280.493217	3598.000
	
R2_53_2	0	FP	62:2011|c92fa7b8-d2c6-4405-a5b4-e1f81055072c	j	106.513173	1757.000
	
R1_73_1	0	FP	62:2948|29d4e870-0d45-4cd6-b622-8e12a51e67ed	j	294.590547	8725.000
	
R1_73_2	0	FP	62:392|6e4f1fdb-fc01-4000-b6e0-46a0598b7e4a	x	0.000000	0.000
	
R2_154_2	0	FP	62:405|d084574d-f507-4fd6-8310-709c6faba8d5	o	896.350590	1918.000
	
R2_150_2	0	FP	62:546|2526eb68-2923-477e-896a-9b98cd735f2e	x	0.000000	0.000
	
R1_14_1	0	FP	62:577|7239e1b0-fb3c-4562-a429-e49a9872e92d	o	209.245847	642.000
	
R2_6_1	0	FP	62:634|a9e99c6c-9bd5-44c0-9baf-0908097ebc2d	j	1100.566755	3601.000
	
R1_14_1	0	FP	62:636|1b05768a-ed13-471b-b972-5f67e4b2f5e8	x	1.862306	7.000
	
R2_6_1	0	FP	62:654|b857c6f7-b29c-4a65-82ef-459499ffdad8	j	944.152990	3613.000
	
R2_14_1	0	FP	62:658|5f1cb40d-2275-4c15-815a-e4d970b523cb	j	4872.766189	18757.000
	
R2_14_1	0	FP	62:659|f4e00721-8d39-4762-99fd-35150bf0f6ec	j	4769.377447	18737.000
	
R2_14_1	0	FP	62:674|3dcc9208-2751-4f7a-842f-020ce8c5a7f7	j	4848.402715	18773.000
	
R2_41_1	0	FP	62:687|d5c392cf-68fd-42f5-9090-18207f044829	j	808.152869	3486.000
	
R2_14_1	0	FP	62:690|3cc7883f-2ccb-48e2-b40e-e46ed933581e	j	4917.192315	18761.000
	
R1_92_1	0	FP	62:735|bcb73a1a-a580-46ae-b1b0-3a146b878eef	j	261.732257	1209.000
	
R1_31_2	0	FP	62:738|c6ab6604-87de-4f22-8371-c03b259074aa	j	275.993376	1278.000
	
R1_13_1	0	FP	62:757|277fcb27-0511-49cb-a584-8ababab2b774	j	21.285895	107.000
	
R1_11_2	0	FP	62:802|c66cb496-46e4-4ad2-8b4e-eff5d6410533	j	1852.505997	11032.000
	
R2_150_2	0	FP	62:815|e6171b55-cf2f-4241-8cff-df9f5686eb3a	j	500.516939	2839.000
	
R2_38_3	0	FP	62:823|60d1a4fd-a47a-4555-bfb0-aa1197b2e271	j	888.608190	5322.000
	
R1_11_2	0	FP	62:831|5d5efe83-484f-4728-b32a-0a4470fc3eb7	j	1851.498470	11026.000
	
R1_11_2	0	FP	62:837|206b4547-353a-44ee-a889-5037e6e465c2	j	1873.201631	11028.000
	
R2_14_3	0	FP	62:839|432aa47b-7a1b-4a37-a9e6-b406ad2e5790	j	239.570558	1386.000
	
R2_65_1	0	FP	62:845|498af841-463b-407b-b0fb-c937df012a9f	o	1002.095361	5979.000
	
R2_154_1	0	FP	62:919|9b60e3d8-05d1-4709-97d8-2e66be3391d7	j	1559.702774	10648.000
	
R2_38_3	0	FP	62:940|4bbde33b-407d-4629-a5aa-3babacdfc3de	j	895.453101	6245.000
	
R2_6_1	0	FP	639:921|d1e07b8e-74ac-4b29-891e-81db3e2555fc	j	131.115372	66.000
	
R1_92_1	0	FP	63:1085|fe5e7e08-cc9b-4469-a9cf-c6721caad835	y	271.720265	2338.000
	
R1_33_1	0	FP	63:1086|0efd47ae-f649-432a-b74f-98473f5971e9	j	67.247298	587.000
	
R1_22_1	0	FP	63:1099|c3eb4857-6a15-4c84-854d-5ea313f4c22e	j	145.531654	1300.000
	
R2_14_1	0	FP	63:1128|cb45dc35-4910-400e-8806-9a238f8cd04b	j	736.849083	6799.000
	
R2_14_1	0	FP	63:1144|e4e50a91-50c2-4e4e-9d30-87d272fd4aba	j	733.390852	6792.000
	
R2_14_1	0	FP	63:1162|4332083b-9ae3-4bc3-aa3d-974cdc0e6d2f	j	711.327091	6789.000
	
R1_73_1	0	FP	63:1247|f89fa877-5adb-4c5a-a2c6-a4dbf30d4f81	j	648.883533	7486.000
	
R1_73_2	0	FP	63:1279|42ced18b-174b-4898-9d41-9f2c9ede06ff	j	114.857639	1039.000
	
R2_32_2	0	FP	63:1328|e94682a2-4882-481a-8b30-51082bbe030d	j	13.304772	155.000
	
R1_73_1	0	FP	63:1377|965e8f38-edde-4c11-8e80-ec2ed4915962	j	670.928908	7991.000
	
R2_42_1	0	FP	63:1433|d8c70734-fbda-46b0-8b76-9884c1772872	j	110.743616	1403.000
	
R1_73_1	0	FP	63:1445|3b8126fa-ac5c-4245-aef0-9d6d0b907c1f	j	577.405304	7387.000
	
R2_28_2	0	FP	63:1563|1ba5600c-e66f-4050-9fec-9ccaca2c1045	x	0.000000	0.000
	
R2_53_2	0	FP	63:1607|9ac50690-4163-46fc-85dc-5b0b1d77664a	j	15.490894	218.000
	
R2_150_2	0	FP	63:1674|b86e6196-2c7c-4778-9d9a-ed88250ea604	j	174.451350	2694.000
	
R2_150_2	0	FP	63:1749|132bc648-e64c-4660-ac87-7ed8a28f7e0d	j	168.956536	2766.000
	
R1_103_2	0	FP	63:1923|9f5712fe-6153-4f08-8bab-653a5b7cda32	j	165.158490	3003.000
	
R1_103_2	0	FP	63:1945|57111fcf-8461-4d62-be8b-0db3f12072a4	j	165.220606	3006.000
	
R1_73_1	0	FP	63:1982|dd2d775d-8993-4647-a558-2de10598508a	j	598.332350	11245.000
	
R1_73_1	0	FP	63:1999|ee0bd0b2-312d-4741-80ee-157dc48a39f4	j	603.680880	11243.000
	
R1_73_1	0	FP	63:2631|e8a963d2-1029-4b4f-910f-52c5d0116261	j	130.058597	3397.000
	
R2_14_3	0	FP	63:418|ed00ff04-65de-4bfb-895f-13bda1739be7	x	1.784309	2.000
	
R1_73_2	0	FP	63:580|79c17e30-48d8-42a0-b603-e8a8931e653e	o	84.013334	448.000
	
R2_6_1	0	FP	63:645|f13dd40d-ac61-4494-99ce-4adfb93aaf9f	j	980.860533	3598.000
	
R2_42_1	0	FP	63:665|f6ca50ab-8d34-4651-b011-0380e3ad59e2	j	605.447472	2358.000
	
R1_14_1	0	FP	63:667|24ea380d-b776-42ad-ac01-4faf03deffc6	o	4007.875452	16789.000
	
R2_38_3	0	FP	63:674|89c6f00d-3bd4-47a8-97b8-f7fc14834e98	j	1261.050321	4997.000
	
R2_14_1	0	FP	63:677|f5f578ef-b453-46bb-a08c-302997620c4d	j	4633.194660	18779.000
	
R1_11_2	0	FP	63:703|fd8ad258-3b6c-4a91-bef5-1ca500730180	j	1243.498829	5744.000
	
R2_41_1	0	FP	63:705|56576e46-e13b-4361-9943-793de4f88f05	j	834.434263	3486.000
	
R1_14_1	0	FP	63:737|4ba494e8-30aa-4cfd-835d-1f207de218e7	k	3533.660243	17683.000
	
R1_14_1	0	FP	63:753|51188983-9264-4cb3-a9de-593863c6e449	x	3557.607063	17682.000
	
R1_11_2	0	FP	63:757|623f75e4-0917-4fcb-a86c-fb0dde90d58e	j	1697.513330	8879.000
	
R1_11_2	0	FP	63:773|5e376d82-8988-4c5f-ae6e-5d987e78f9aa	j	701.116276	3572.000
	
R2_150_2	0	FP	63:775|2da44583-49e4-4249-ad7a-05fab9a5c5f7	j	154.770341	778.000
	
R1_11_2	0	FP	63:869|5cb6ac28-29c4-4740-bc8d-2bb3a37eeed1	j	1851.330549	11025.000
	
R2_38_3	0	FP	63:889|34c58c18-4037-4030-9f99-0a89b36ddc96	j	952.555819	6255.000
	
R2_154_2	0	FP	63:899|562a619a-06dc-4269-9a9f-ffe2122e5cf4	s	2.158065	14.000
	
R2_154_2	0	FP	63:904|f4f31d0d-24e9-4fbb-8b99-afc2f7b1d445	s	2.794161	18.000
	
R2_14_1	0	FP	63:965|2b7a51cf-54e2-4b6b-b5ac-7f7d1b17c68f	j	647.958906	4673.000
	
R2_150_2	0	FP	641:987|ad3e7efe-b4a9-41c6-bcba-16ae47c7ac1c	x	1124.113175	1171.000
	
R2_7_2	0	FP	643:1000|68abbe1b-7331-434f-b358-fa87c82f1545	j	144.602984	149.000
	
R1_73_1	0	FP	64:1007|052e4d42-3a9c-42b3-a89b-96f7534205a2	j	49.247241	402.000
	
R2_14_1	0	FP	64:1035|9a80d76e-1b07-4360-9a66-2cc3329dc5e7	j	676.875978	5372.000
	
R1_73_1	0	FP	64:1062|4eeab3d7-f65a-4975-8da4-664a6e2d7ad8	j	310.314256	2649.000
	
R1_22_1	0	FP	64:1105|9fcdbdbb-6d16-4859-82c7-3a0100840fa0	j	145.716339	1300.000
	
R2_14_1	0	FP	64:1142|2f1b95f0-357a-4f9a-921c-983f2d8105b9	j	724.320385	6749.000
	
R2_14_1	0	FP	64:1146|13423441-ced8-4f47-8091-9de8ee9cb268	j	719.517344	6802.000
	
R1_73_1	0	FP	64:1146|9895e7de-7f95-4e5b-972e-29de5416462a	j	785.619343	7587.000
	
R1_72_2	0	FP	64:1150|78c20a40-2aad-4bc1-b1f8-e83bd15cb418	o	1.172004	11.000
	
R2_14_1	0	FP	64:1154|a1850145-a544-4901-95a8-95a9886d2ae9	j	731.894804	6745.000
	
R1_73_1	0	FP	64:1307|924def01-255b-4f29-85c8-4a29b6315d1f	j	449.413108	5083.000
	
R1_73_1	0	FP	64:1368|928a5273-a9c8-4679-843a-82ff08aa8ddc	j	42.056312	509.000
	
R2_42_1	0	FP	64:1420|c2f5f098-fb07-4ffe-a2db-0b6e3ce6980b	j	111.440743	1403.000
	
R2_72_3	0	FP	64:1755|70336563-9eb3-4121-a785-973bf19c7348	j	157.868102	2538.000
	
R1_103_2	0	FP	64:1911|2d910145-4137-47da-9278-1539c7dbfa0e	j	165.351632	3014.000
	
R1_103_2	0	FP	64:1916|c7d131d5-8dc0-4daa-b31e-57bf334b603a	j	165.079217	2981.000
	
R1_73_1	0	FP	64:1968|dab41cc2-1d21-44fe-b94b-34966272fdc1	j	565.416731	10684.000
	
R1_73_1	0	FP	64:1985|7a6dda25-dfc7-4fae-a2d6-c0afb751624e	j	608.447809	11380.000
	
R1_14_1	0	FP	64:292|58b964e2-f1b2-4b15-bc25-0c67abb81d4e	o	2624.913776	417.000
	
R2_6_1	0	FP	64:631|3f46a7c9-9818-46ed-b317-abf1c80fe4bf	j	1068.485005	3617.000
	
R2_42_1	0	FP	64:651|dbfda85d-7924-426b-be5d-aa1eeb029a0e	j	609.504629	2360.000
	
R1_103_2	0	FP	64:657|df5ebbf7-0620-4a1b-88ea-c07847bfa7ac	x	0.000000	0.000
	
R2_14_1	0	FP	64:660|de17e323-d493-4a34-9626-beeaee3bac58	j	4906.302904	18775.000
	
R2_14_1	0	FP	64:668|7c3715fa-3ca6-49b2-8147-f8df300121e6	j	3944.620256	18757.000
	
R2_14_1	0	FP	64:676|7e72f758-b01f-4b8b-b4f8-db51448153dd	j	5039.189442	18713.000
	
R2_150_2	0	FP	64:690|4a68ee7c-9bfe-4e26-8e91-e28fb641b515	j	189.380201	744.000
	
R2_14_1	0	FP	64:693|4c34f0c3-5c97-47e4-abfc-2da6bda41279	j	3986.371117	18775.000
	
R2_14_1	0	FP	64:694|9be86f8d-8039-4d2b-bfb6-b4e06319d292	j	4744.323533	18746.000
	
R2_14_1	0	FP	64:703|7f93c158-dc13-4114-a7b5-2f48494fd8c2	j	313.841034	1503.000
	
R1_14_1	0	FP	64:750|c52d820c-b408-487d-b02b-0e499c33d102	k	3549.521593	17682.000
	
R2_154_1	0	FP	64:757|eabb97ad-d008-4d8e-bf38-cfad506d1c63	k	96.719536	484.000
	
R1_14_1	0	FP	64:761|5a4a6765-3fbe-4df3-9fab-d3ba67813098	k	3455.481920	17683.000
	
R1_92_1	0	FP	64:779|ffe9bfb3-78b7-4277-bc39-23a87e2aa912	j	242.468694	1271.000
	
R1_92_1	0	FP	64:790|e63e680d-1418-450c-ba35-3f7401a5bfca	j	239.186728	1289.000
	
R1_11_2	0	FP	64:876|94c89c72-9534-4c7f-8f67-c59bf3934786	j	1783.839784	11027.000
	
R2_154_2	0	FP	64:899|f5654954-0406-4e16-a9b8-42f16fa57db8	x	1.983152	13.000
	
R2_154_1	0	FP	64:900|b6f952f5-d65f-4539-9376-445fbf1961bb	j	1.885459	13.000
	
R2_154_2	0	FP	64:903|bb01f14e-dc44-4128-9fea-0ccbd83be7d8	s	2.180902	14.000
	
R2_65_1	0	FP	64:908|91d67e37-b3de-4123-b794-5d77712e2f9b	o	1112.468794	7494.000
	
R2_65_1	0	FP	64:947|2eb0fc84-c7f5-4829-82ac-9b04d21cb745	x	0.711164	5.000
	
R2_38_3	0	FP	64:961|06de3b4a-c18b-4ef6-9e01-8cb3bf521d13	j	881.710642	6239.000
	
R2_14_3	0	FP	64:994|5ffadc82-b02c-4e45-b09d-ce5e96ce3b67	j	697.176678	5320.000
	
R2_154_1	0	FP	64:999|55d43e59-3f53-415f-9221-96a4c5ff1055	k	255.881547	2025.000
	
R1_92_1	0	FP	65:1086|e315d350-b6d1-403d-afab-de0c87669490	j	179.763126	1156.000
	
R1_92_1	0	FP	65:1104|316f1e30-598a-4251-b127-9cd8de86e940	y	264.979557	2340.000
	
R2_14_1	0	FP	65:1104|db0f4105-829b-4483-99d8-b4c77d4f6beb	j	752.214315	6796.000
	
R2_14_1	0	FP	65:1128|6632ac58-59c8-4916-90fd-70f8575125dc	j	727.185768	6751.000
	
R2_14_1	0	FP	65:1170|6e6df88d-00c8-4fc6-ab17-a2297bbb430d	j	689.873276	6553.000
	
R1_73_1	0	FP	65:1353|48e8adc1-0c4a-4d66-8eea-1e211f72711a	j	718.803938	8431.000
	
R1_73_1	0	FP	65:1354|df75ff51-a77e-4d9c-a0e0-919c628e0280	j	724.553475	8400.000
	
R1_73_1	0	FP	65:1392|acc26fd3-b134-4123-9bad-c45f5196901a	j	301.260560	3994.000
	
R2_7_2	0	FP	65:1419|46b54466-1751-4d9d-852c-68d55fc0abd1	j	216.468929	3610.000
	
R2_42_1	0	FP	65:1446|366f9f8a-5128-4f3c-820d-536ffa2b1cb8	j	111.742205	1403.000
	
R1_92_1	0	FP	65:1714|e22ac733-9109-4f3d-873a-36697362c08a	j	93.750077	605.000
	
R2_7_2	0	FP	65:1786|8b0338bc-707e-4b5b-a348-da83b5160bb4	j	215.843091	3624.000
	
R2_7_2	0	FP	65:1803|f6f97ab0-3f0c-4fe8-9b8f-834ec13fd40e	j	215.180337	3608.000
	
R2_72_3	0	FP	65:1877|c121cc96-ea00-4179-baf1-abe695e8088b	j	148.500026	2611.000
	
R2_53_2	0	FP	65:1881|10ac2268-dad0-4e5a-b93f-3cd749e54846	j	106.879954	1757.000
	
R2_53_2	0	FP	65:1969|6cda4d8c-863b-4aa6-b84a-f39db97b30fa	j	106.732939	1757.000
	
R2_53_2	0	FP	65:1976|4f0a05bf-3238-4187-922c-c847fd981a7a	j	106.940785	1758.000
	
R1_103_2	0	FP	65:2389|cba66a47-c83e-4781-9244-966b3941a1ff	j	165.811714	3013.000
	
R2_65_1	0	FP	65:348|46ad39f4-4f21-46d7-a068-b3ffc814a413	x	0.000000	0.000
	
R1_73_2	0	FP	65:397|7c5ee727-365a-4302-bbbd-8a4354dc4330	o	85.079220	262.000
	
R2_6_1	0	FP	65:484|8de5786e-748b-49e4-b785-97258a5707fd	j	207.858213	393.000
	
R2_6_1	0	FP	65:609|fc0b00d5-c5dc-4323-b57c-66575cbcba79	j	1088.449809	3586.000
	
R2_26_1	0	FP	65:641|8cc53000-0808-46a0-9105-cd016e4e820d	j	17.387110	75.000
	
R2_14_1	0	FP	65:661|3a3575cd-ed93-4109-864b-6158be826bc8	j	4865.470148	18784.000
	
R1_14_1	0	FP	65:663|17c170cc-45d5-49c2-a180-956d0fef8885	x	1.984866	8.000
	
R2_14_1	0	FP	65:663|62c7a0de-338d-4c69-9d44-e8cbaeda73e1	j	4915.619736	18755.000
	
R1_14_1	0	FP	65:670|0caebd4f-437b-436d-aa50-4566204a5d78	x	2.304170	9.000
	
R2_14_1	0	FP	65:672|3e499f9b-d475-4ad5-b4a5-4c5c4a3b0b45	j	4711.918641	18778.000
	
R2_14_1	0	FP	65:694|f3e845a2-2fcf-4d3e-a3a5-6c6bcb93745b	j	4354.427810	18783.000
	
R2_42_1	0	FP	65:713|901604d2-14cb-452d-908f-68e3527e20ff	j	590.471269	2781.000
	
R2_7_2	0	FP	65:721|245bd2c1-c6fa-4cf2-be48-9c8b37f72bf6	j	418.724377	1773.000
	
R2_42_1	0	FP	65:725|dce53fae-3476-4a49-aa91-1fe4a5ec6917	j	595.030580	2789.000
	
R1_11_2	0	FP	65:766|ae21ee17-782c-4901-9d0a-5382f406783d	j	698.546698	3551.000
	
R2_150_2	0	FP	65:779|4cf46ada-5d5e-4ed8-8545-3a3a095e5fed	j	151.775044	787.000
	
R2_150_2	0	FP	65:809|c735a6bf-114a-4cc7-b890-04c219ba37be	j	495.396561	2838.000
	
R1_11_2	0	FP	65:834|c91da5e8-c71d-4a8a-97de-894b990b5861	j	1921.580870	11030.000
	
R1_101_1	0	FP	65:840|e17a0d2e-5022-4244-bdea-951212b84067	k	26.920234	153.000
	
R1_73_1	0	FP	65:867|dbdb3144-69d9-403c-9033-e2ee177f980a	j	336.673160	2348.000
	
R2_154_2	0	FP	65:884|3fe8355c-8359-4ac6-9492-74a578cfab3e	x	1.796472	12.000
	
R2_154_1	0	FP	65:908|d06edc2c-5b27-4d6c-8c20-b094adfd4017	j	1557.412957	10650.000
	
R2_154_1	0	FP	65:926|28c359c1-5ec6-42a9-be04-aac60aae5743	j	1481.938161	10654.000
	
R2_154_1	0	FP	65:928|ffabd6af-aba4-4081-a6c8-6531bbb25082	j	1546.876271	10648.000
	
R2_65_1	0	FP	66:1021|c9910d7a-d64f-48b1-87aa-5f635bac65a2	k	980.644207	7583.000
	
R2_117_1	0	FP	66:1126|170336a7-449c-4455-8cfb-92fcede4acc1	j	55.133751	490.000
	
R2_14_1	0	FP	66:1129|6370badc-7088-43e8-aaaf-1aee2675b698	j	736.777720	6790.000
	
R2_14_1	0	FP	66:1154|00544708-7387-4ee6-977d-4ab95552ef53	j	690.399656	6558.000
	
R2_72_3	0	FP	66:1200|9f7adc3a-422c-4fc0-8599-d6732978ee18	j	66.523762	656.000
	
R1_22_1	0	FP	66:1242|0841f09c-eff1-4dcf-81f0-604bd9142ff9	j	128.492450	1334.000
	
R1_31_2	0	FP	66:1536|940c4cf7-9442-456a-b8d4-3bf0b5e9a67c	j	14.782069	202.000
	
R1_73_1	0	FP	66:1762|7407b0cc-9bc1-483a-9743-0f5c4a81348e	j	52.733950	926.000
	
R2_7_2	0	FP	66:1797|0631c27e-7bd3-4400-84b1-18d06225089c	j	214.883918	3586.000
	
R1_103_2	0	FP	66:1821|40e5a019-a20d-4d12-bd8c-a7248e0e96f8	j	50.665645	861.000
	
R2_150_2	0	FP	66:1861|ccb9f375-a7b6-4957-a6ef-10c93e5fcce1	j	163.248320	2935.000
	
R1_103_2	0	FP	66:1908|2895fa1c-f7e6-4df1-a261-11d5d9d70fe9	j	166.677072	2974.000
	
R1_73_1	0	FP	66:1919|cfecf639-05a0-4e9b-9682-3ad311e72b95	j	616.332463	11360.000
	
R1_103_2	0	FP	66:1930|448c88eb-312a-41ca-8ca8-f504a1916c44	j	165.298330	3028.000
	
R1_13_1	0	FP	66:1979|6089da0a-81f5-4898-8393-c0e96c65a185	j	40.458905	770.000
	
R1_13_1	0	FP	66:1980|ecd05ed3-e1c9-490b-9548-c36b60db0678	j	40.315008	770.000
	
R1_11_1	0	FP	66:284|d7fc1521-dd63-44eb-87e6-b2256d55d0a7	x	9.672952	1.000
	
R2_154_1	0	FP	66:2883|fb4d70d4-884c-4256-85ae-4dca0d195daf	j	1549.570180	10649.000
	
R2_6_1	0	FP	66:543|e952188e-c768-4581-9f27-75d713e247a1	j	303.210435	920.000
	
R2_7_2	0	FP	66:584|a5d46c41-d1bc-4cf0-8a56-2cee581da1d2	j	165.160738	503.000
	
R2_38_3	0	FP	66:629|c837c50a-93e9-4488-bf95-778def7ae01e	j	1305.502634	4981.000
	
R2_6_1	0	FP	66:640|2c050819-7396-473e-9e11-7db3ef1041ce	j	1033.161326	3591.000
	
R2_38_3	0	FP	66:652|e78dd7ba-fd22-44dd-99ef-1afcb06dc7c5	j	1322.510571	4986.000
	
R2_14_1	0	FP	66:672|54b85d2a-44d6-426a-9489-e85b6847aa54	j	4834.267431	18773.000
	
R2_14_1	0	FP	66:674|246ed878-5110-4835-ab4f-76062e8188f3	j	4753.687662	18783.000
	
R1_11_1	0	FP	66:785|0b383743-9e8d-490a-bdaa-87e56fc14924	s	0.578558	3.000
	
R1_73_1	0	FP	66:787|7b22f5cb-722e-4258-a1ce-ad3baf7bc562	j	108.925636	698.000
	
R2_150_2	0	FP	66:821|0cd6da06-d3ee-4351-bb7b-24a24409c318	j	499.519893	2839.000
	
R2_150_2	0	FP	66:822|7f299a93-c6d7-4c75-956e-8cd99693a0ff	j	504.545244	2839.000
	
R1_11_2	0	FP	66:864|d917bec2-2d93-4fbe-b3a7-55e1f3520ba3	j	1800.163023	11026.000
	
R2_154_2	0	FP	66:883|09de92bb-7243-4f0b-965c-da5cc84c0b48	s	2.349110	15.000
	
R2_154_2	0	FP	66:897|706cc509-620d-4145-b759-b45183afdd20	s	2.000426	13.000
	
R2_154_1	0	FP	66:907|d3a29f5c-cf22-43b2-bcd0-20d2c3572fcf	j	1594.069106	10648.000
	
R2_38_3	0	FP	66:927|fa521b92-fb62-4a61-ac72-eddc87bba20c	j	752.318552	5119.000
	
R1_22_1	0	FP	66:946|fc40cbe2-fab3-4774-95bf-a4e63d895b3a	j	53.751335	370.000
	
R2_38_3	0	FP	66:957|34638ac4-1b8c-434f-9f28-0606e43c50bc	j	921.014085	6246.000
	
R2_41_1	0	FP	66:966|6394eced-f0a1-4736-8691-dd2ab8ab9671	j	10.332061	82.000
	
R2_14_3	0	FP	66:985|b8e0b0d0-552a-4a90-8217-43233ada71dd	o	703.729090	5370.000
	
R2_117_1	0	FP	66:985|ff24aa7c-f991-4227-b80c-713d59b2c544	j	69.048406	548.000
	
R2_65_1	0	FP	66:996|648f98e4-6f18-4712-9ef6-7e1ba8514dd8	k	979.339649	7584.000
	
R2_150_2	0	FP	679:1813|685d9e4d-6832-4e9b-a7d0-830a6dfb2e0e	j	103.252065	1010.000
	
R1_73_1	0	FP	67:1116|cdb12f08-5e36-4cab-97cd-c2d95288a99f	j	837.004318	7382.000
	
R2_14_1	0	FP	67:1128|6d532bbb-67cd-442f-93bc-522e9a9a1c36	j	731.524760	6783.000
	
R2_14_1	0	FP	67:1146|375025ab-99e4-4f49-8a29-84c7228be4c4	j	738.790587	6750.000
	
R2_14_1	0	FP	67:1151|b9f1370c-4cc2-47f9-b852-6507ec3a9dea	j	717.944211	6779.000
	
R2_14_1	0	FP	67:1164|60916766-28e7-46a1-9ee9-53b454345865	j	730.828970	6760.000
	
R2_14_1	0	FP	67:1166|7fde2eb8-8bc1-4f8a-aa22-fc5edd3290a5	j	719.094223	6798.000
	
R2_150_2	0	FP	67:1167|950c696a-51dc-4ec4-8437-a509fb813ece	j	236.573038	2132.000
	
R2_14_1	0	FP	67:1169|428acdc1-235b-4045-8e67-644bf5ef905b	j	712.689184	6802.000
	
R2_42_1	0	FP	67:1211|25a7f404-828c-4c9d-b380-2c049dd83d29	j	111.440743	1403.000
	
R2_42_1	0	FP	67:1285|4eb02567-bb90-40b0-9608-5ca7d713274e	j	111.742205	1403.000
	
R1_92_1	0	FP	67:1309|77d0de31-a898-4960-8ee4-354eb36c4bb4	y	275.121187	2333.000
	
R1_73_1	0	FP	67:1423|47f1ed78-5c29-4070-9155-c24f8aea437b	j	619.010940	7681.000
	
R2_42_1	0	FP	67:1433|403e5408-bbaf-4cfc-bb06-4209ef3bcc87	j	112.656460	1403.000
	
R2_46_1	0	FP	67:1493|c481a8cb-3adc-42bc-b957-4854fb2124b1	j	48.555969	514.000
	
R2_150_2	0	FP	67:1665|711a86df-78b6-4002-8958-5cfa35936440	j	172.456380	2630.000
	
R1_73_1	0	FP	67:1793|ce805e88-4718-403e-a558-3701a100de24	j	346.342001	5023.000
	
R1_103_2	0	FP	67:1906|40ac3f62-6988-4ceb-a181-495e554a2962	j	164.938499	2999.000
	
R1_103_2	0	FP	67:1919|90cc0891-a244-44e2-a208-25c3327385f1	j	164.451116	2992.000
	
R1_103_2	0	FP	67:1920|27802f58-de1e-4bf8-ad50-84c380877c0a	j	164.974857	3009.000
	
R2_53_2	0	FP	67:1964|dc05eeca-9f12-4532-94b2-c93deccac01f	j	106.732939	1757.000
	
R1_73_1	0	FP	67:1967|2bd897e0-5aee-418f-ba83-baeb9f0b1744	j	594.631540	11061.000
	
R1_73_1	0	FP	67:1973|eec2e55c-6402-4b21-af3e-a6663e84d9c8	j	263.888207	3627.000
	
R2_53_2	0	FP	67:1993|3e692150-9d81-49c0-b972-adf0d9e1dd2d	j	106.659583	1757.000
	
R2_7_2	0	FP	67:421|e1bbeecc-97e3-47b9-8cc8-13b0f81e2097	j	123.827605	143.000
	
R2_38_3	0	FP	67:632|49ed3ee5-5660-486e-94b6-f5a4b9cd16ff	j	1292.068449	4959.000
	
R2_38_3	0	FP	67:651|dfe9340c-08f2-460d-8710-4cb8a6742255	j	1264.410561	4996.000
	
R2_14_1	0	FP	67:677|ac84e091-678a-4b56-ad20-530f18db7891	j	4738.843890	18778.000
	
R2_14_1	0	FP	67:688|3e01b9a0-4fed-4cfe-891f-a2e665dc8756	j	4590.287566	18761.000
	
R2_41_1	0	FP	67:689|e4424504-4ddd-40c4-b546-44c2418bdf7a	j	829.935965	3486.000
	
R1_14_1	0	FP	67:754|d041b357-f7a6-4a24-a612-c9d45f12256c	x	3565.729454	17682.000
	
R1_11_2	0	FP	67:789|26e5b71b-7d35-4420-a99f-9152d5dedcdd	j	2077.183042	11006.000
	
R2_150_2	0	FP	67:798|013a5085-f3f8-4bf5-a410-1f75fd94da69	o	339.690524	1946.000
	
R1_11_2	0	FP	67:842|05c90efa-9ab0-4df5-9ab7-b2f3f7b7a373	j	1861.612267	11023.000
	
R1_73_1	0	FP	67:842|e2686472-5e08-439a-812e-fd038bcc85db	j	940.548793	5484.000
	
R1_11_2	0	FP	67:847|84971c44-29ec-425f-b11d-c7b2c4c8c805	j	1837.191589	11024.000
	
R2_65_1	0	FP	67:890|bc684133-bf45-476c-9cd9-b93c6ea72a45	x	0.614445	4.000
	
R2_38_3	0	FP	67:898|8a31e444-6b01-4585-9e6e-7c24539b1e4b	j	470.411425	3073.000
	
R2_38_3	0	FP	67:908|ca466273-1b9f-4e42-8728-522e43c3eabe	j	103.500929	723.000
	
R1_73_1	0	FP	68:1138|9b38672d-024d-4ed4-8803-12ea5a2e61a7	j	683.353155	7110.000
	
R2_14_1	0	FP	68:1165|7d1b400f-e73d-4130-8e7a-2a15966eaf5e	j	718.897375	6788.000
	
R1_31_2	0	FP	68:1188|bfc0e7bf-b1c2-475e-b213-08cf8f033b1e	j	2.016149	21.000
	
R2_27_1	0	FP	68:1216|e31eff14-53c8-4a74-95bf-0b745c80d613	j	7.609037	74.000
	
R1_22_1	0	FP	68:1245|adf0f1ba-dcd8-45f5-84bf-bda12a5d42db	j	128.914197	1334.000
	
R2_150_2	0	FP	68:1284|f8ff7fc8-8506-419f-a0f8-616ff8c89f41	j	195.508319	2333.000
	
R2_72_3	0	FP	68:1524|0ecac840-7bfc-4653-98d2-3f7d87f19c84	j	197.326778	2663.000
	
R1_73_1	0	FP	68:1526|664aef75-c0f5-4275-bdfe-73e35eeadee0	j	169.848115	2471.000
	
R2_26_1	0	FP	68:1617|5b16e020-7092-4bc5-8b21-e7870ee5355a	j	5.114676	78.000
	
R1_73_1	0	FP	68:1703|e9c647f3-1332-4526-a20a-4c989a34df95	j	245.067797	3840.000
	
R2_7_2	0	FP	68:1796|302dab1f-4ef6-4107-9737-e6efd84d9646	j	216.349001	3608.000
	
R2_7_2	0	FP	68:1801|3543eea0-be0f-4b57-8ca4-4c4a817c7738	j	210.592769	3543.000
	
R1_73_1	0	FP	68:1983|ae0d4ae8-ddd0-495c-861a-a44a88991450	j	609.517528	11331.000
	
R1_13_1	0	FP	68:2012|a8643e95-5d49-4116-bcc8-85348cb906c1	j	40.434851	770.000
	
R1_13_1	0	FP	68:2015|b09daa22-6537-40d1-af2d-b63706db8f29	j	40.362860	770.000
	
R1_73_1	0	FP	68:2146|b774f9a9-78b1-4a2a-833b-ac49f8e178b6	j	398.948717	8225.000
	
R2_154_2	0	FP	68:322|7819fed8-3942-4d62-8a9e-836152c9b660	o	1872.317061	1697.000
	
R1_11_1	0	FP	68:326|66e18bb7-a562-46dd-8485-4e9a2ff047db	o	2464.688904	614.000
	
R2_150_2	0	FP	68:555|b7dd0001-2a66-4a17-82e1-7245484d0d40	o	215.190403	765.000
	
R2_6_1	0	FP	68:581|c814d184-6ed0-4c5a-ad6c-6e4d63d9c662	j	301.618703	922.000
	
R2_6_1	0	FP	68:609|aa96c658-5d68-4b01-8297-0108f00d17a6	j	1156.595607	3601.000
	
R2_41_1	0	FP	68:635|8098ac7b-071d-42dd-9d79-5ebf16a68ecf	j	942.878746	3448.000
	
R1_92_1	0	FP	68:648|3f9d901f-2374-4174-8f1d-8c7a760aa52e	j	197.721747	732.000
	
R2_14_1	0	FP	68:661|c821bea5-510c-4a0a-b6cd-61dd65b32b89	j	4751.662986	18775.000
	
R2_41_1	0	FP	68:681|64bcc0b3-1919-4f72-a6ad-a686198fc886	j	852.925881	3486.000
	
R2_7_2	0	FP	68:719|f1dbfcb2-74de-4bde-975b-7fb1f99850b6	j	406.347514	1785.000
	
R2_38_3	0	FP	68:720|95ffe148-0836-43af-9aa5-4efb4adb5f6f	j	1138.079284	5038.000
	
R1_31_2	0	FP	68:748|1e94dd4e-e7b1-47a5-88f1-3a55a5490673	j	261.299284	1278.000
	
R1_73_1	0	FP	68:784|c44e2887-8aba-4e34-8ec0-9aeb1f11b2b7	j	1053.581755	5487.000
	
R2_150_2	0	FP	68:821|7e0de460-57dc-4130-8895-bee24cbe6f2a	j	499.519893	2839.000
	
R2_150_2	0	FP	68:822|52b1a4bd-1c26-4679-afef-549cd922bda9	j	502.523019	2839.000
	
R1_11_2	0	FP	68:832|db27fffc-3726-471b-a6a7-82b65f1b0a07	j	1824.091477	11028.000
	
R2_150_2	0	FP	68:841|087ea834-8d0f-430c-ad73-7c149af2ed9a	j	220.292246	2312.000
	
R2_150_2	0	FP	68:852|24ca3f98-62a4-4d7e-bc5d-3575e8302b2a	j	135.400727	814.000
	
R1_11_2	0	FP	68:867|23d6e030-443d-4b46-a640-f0e8eeda567d	j	1803.823794	11028.000
	
R1_22_1	0	FP	68:919|268a0044-a54b-4de5-9970-c1b7e82f1b1c	j	46.479776	311.000
	
R2_65_1	0	FP	68:933|6f0dcaee-f4ca-41cc-8e71-f283b1866b13	o	1082.536687	7562.000
	
R2_38_3	0	FP	694:1328|f7d7be1f-f117-49de-bc1f-68d37e02a879	j	97.849593	411.000
	
R1_73_1	0	FP	69:1009|098941b7-cefc-4e06-b41d-8031d9db580a	j	599.334350	5313.000
	
R2_14_1	0	FP	69:1040|3157f5b0-c341-4f4e-87b0-b31c3df53e4e	j	844.606700	6751.000
	
R1_73_1	0	FP	69:1047|add91cef-3811-483a-bf49-b0baf9be5637	j	761.556282	6958.000
	
R1_73_1	0	FP	69:1071|ab3f5af8-6f46-422b-a316-98bb5e9a47f7	j	858.063008	7218.000
	
R2_28_3	0	FP	69:1097|1d9cc972-5eee-4aeb-8698-f2752071988b	m	54.760151	478.000
	
R2_14_1	0	FP	69:1139|a3a185ca-efa5-4d37-87b5-27c427942b6c	j	719.670039	6779.000
	
R2_14_1	0	FP	69:1180|3c19f088-7175-4db2-a3a4-acfb0a517bf3	k	700.943589	6801.000
	
R1_14_1	0	FP	69:1194|18d555b0-6c0b-47f1-b844-dbe0d5a5cb13	o	4380.146977	17555.000
	
R2_150_2	0	FP	69:1840|d1b6964f-6b75-4e49-b7c4-9781370ad341	j	167.625677	2841.000
	
R2_72_1	0	FP	69:1884|4b7150fd-6f14-469a-a5d5-5a6bbff1a919	x	1.289029	23.000
	
R2_46_1	0	FP	69:1908|df3915af-a3bf-4dd0-a7fd-4974bf323896	j	40.441324	728.000
	
R1_103_2	0	FP	69:1922|ff7a1747-6d69-447e-9b36-ec2184cbc996	j	166.222518	2996.000
	
R1_73_1	0	FP	69:1997|6fd1802f-1247-441a-8d8d-98b34d2886a8	j	595.683018	11148.000
	
R2_28_2	0	FP	69:2382|e90d2553-45b2-4aa4-a39c-0320772ee338	x	3.592523	87.000
	
R1_11_1	0	FP	69:391|f92d4fe1-061d-4b70-bf96-a4d070414221	x	1.352134	1.000
	
R2_6_1	0	FP	69:481|e60e3030-6b3f-413b-9cbf-1d1e574a106d	j	589.593572	1048.000
	
R2_150_2	0	FP	69:566|96ce6858-2fbd-4787-84c3-63eb44b79644	o	200.224043	773.000
	
R2_14_1	0	FP	69:601|9cb70ba9-a6e5-42c7-a927-b595601f4541	j	29.979439	93.000
	
R2_38_3	0	FP	69:637|20f21405-cd34-478c-bbbd-538b2d9e6444	j	1292.001975	4988.000
	
R1_11_2	0	FP	69:666|ca9a74fb-13b2-4eb9-8b66-c05e582e46bc	j	758.114490	2944.000
	
R2_14_1	0	FP	69:668|33095b3d-eba2-4a0e-914a-9e344c369e6d	j	4850.985362	18783.000
	
R2_41_1	0	FP	69:681|0d0a7bff-49fe-4026-b9c6-df0b68e41d33	j	863.858230	3472.000
	
R2_41_1	0	FP	69:684|35b502b1-9a23-46a8-964b-633071a50a00	j	848.129773	3476.000
	
R2_7_2	0	FP	69:694|50623c77-247c-481f-a0a1-8d330692256d	j	415.530824	1783.000
	
R2_14_1	0	FP	69:713|e61b8ead-6a81-4307-93db-bc043074b791	j	453.800021	2014.000
	
R2_7_2	0	FP	69:724|a267d5ac-b941-4431-963c-37da78f3bc01	j	414.437322	1783.000
	
R2_150_2	0	FP	69:818|e893e330-b068-4a45-a0b3-039482cfa2e8	j	146.106783	794.000
	
R2_154_2	0	FP	69:857|98109a81-720a-49aa-a78c-5308cbf88f9a	x	1.652367	11.000
	
R2_38_3	0	FP	69:900|3005e23b-9542-4cf9-8249-dcef6825543e	j	106.494014	721.000
	
R2_154_2	0	FP	69:934|a873fc20-882f-4449-8ef6-6609eac3371a	s	1.701562	11.000
	
R1_22_1	0	FP	69:945|d578eaea-e288-40bf-b8d6-0fb9bc42588d	j	56.419420	412.000
	
R2_154_1	0	FP	69:984|7c6ef530-3df5-4b19-869b-313a0d90c214	k	260.101057	2026.000
	
R1_92_1	0	FP	69:987|fc290730-89c7-44d9-97a5-085c7eb07698	y	303.548365	2306.000
	
R2_65_1	0	FP	69:997|22e8cc32-106a-4393-aa0f-d5ae459f8c75	k	990.798807	7583.000
	
R2_65_1	0	FP	70:1003|792ff86b-64df-4169-8339-3a7a2b62e3d8	k	989.335293	7583.000
	
R1_73_1	0	FP	70:1081|af347612-47a5-46ae-bc43-bbf8ddb9a37e	j	835.319834	7178.000
	
R2_28_3	0	FP	70:1093|6736f732-b72d-4476-ba5e-7ab3b4b4a6dd	m	54.787711	477.000
	
R2_150_2	0	FP	70:1106|da0057a6-55b0-4b22-947d-28969603811b	j	111.926082	977.000
	
R2_14_1	0	FP	70:1133|b561e813-c0f8-48d4-9907-a11458ca92cc	j	734.064989	6765.000
	
R2_150_2	0	FP	70:1140|610c39db-7f6f-43e3-9796-266c5a1ac170	j	89.309138	818.000
	
R2_14_1	0	FP	70:1162|48d3d74b-f95c-4225-bef8-01804765486d	j	720.625494	6788.000
	
R1_92_1	0	FP	70:1244|ef87cebe-7190-4dd8-ba24-49c10a77ecc2	j	584.126199	1197.000
	
R2_46_1	0	FP	70:1308|54826a09-c567-45da-a9e9-53844be8ce27	x	0.266579	3.000
	
R2_42_1	0	FP	70:1452|a14cc087-b444-40c7-a13b-9eb10fbe645c	j	111.340616	1403.000
	
R1_73_1	0	FP	70:1534|f71ae814-8115-485e-a5f8-2613a751c4d2	j	601.509328	8390.000
	
R2_53_2	0	FP	70:1763|2fe34d26-f6e3-47dd-b7b6-4628c80803f7	j	106.228023	1709.000
	
R2_53_2	0	FP	70:1795|98c62878-2b79-4eff-b5c2-49fcd4471dfb	j	106.141317	1704.000
	
R1_103_2	0	FP	70:1907|ea5887a6-80ac-405c-9101-fae60c4b96b7	j	165.125027	3008.000
	
R1_103_2	0	FP	70:1929|5be52108-2bd6-4a3f-92e5-bd360a24e89d	j	165.728875	3019.000
	
R1_103_2	0	FP	70:1931|7ef19539-9a20-4674-928c-c85adfe1a016	j	164.144210	3005.000
	
R1_73_1	0	FP	70:1971|a53eb071-2620-48ab-9a1c-4b33d3c31719	j	490.088757	9133.000
	
R1_73_1	0	FP	70:1983|ea018794-a319-4ccf-975f-5fec8ada399a	j	599.687752	11189.000
	
R1_73_1	0	FP	70:1984|f5c16713-fb84-4248-a419-6c0c9f310995	j	572.630728	10749.000
	
R2_53_2	0	FP	70:1989|aeac458d-c7a7-4e06-ab24-7454b35fad6a	j	106.659583	1757.000
	
R1_73_1	0	FP	70:2993|6f37c090-fcaa-4a7c-af37-fc16d04d6a0b	j	199.476339	5917.000
	
R1_73_1	0	FP	70:349|a7c9f93e-ee72-4b47-896d-d7a55c5fd7e9	x	0.825474	1.000
	
R2_14_3	0	FP	70:533|3c9332c0-8fbe-413d-a6f9-79a9b6e81bc8	x	0.845230	2.000
	
R2_14_1	0	FP	70:596|09e48a43-8e93-4225-8e51-4d2882f54ef4	j	31.591236	98.000
	
R2_38_3	0	FP	70:635|3a2c1780-0ed9-43a4-8022-8db7edd54852	j	1283.438389	4984.000
	
R2_14_1	0	FP	70:665|5290a4e7-5b39-4709-bdb5-16f9d011fb03	j	4860.807751	18766.000
	
R2_14_1	0	FP	70:666|1040522a-40fb-479e-8a2f-9e38343939d2	j	4978.644891	18770.000
	
R2_14_1	0	FP	70:667|6978a96a-dadb-4ce9-8425-d20b18ec851e	j	4855.886332	18747.000
	
R2_14_1	0	FP	70:667|c44beb39-32c4-4816-a906-e125eb2ff5c1	j	4807.522787	18778.000
	
R2_14_1	0	FP	70:669|bd8c8c2f-2b29-4199-9916-716f3cacb653	j	4848.919245	18775.000
	
R2_42_1	0	FP	70:671|74c47151-6ccb-4e2d-9a89-b12d3d5e9a17	j	638.877086	2358.000
	
R2_14_1	0	FP	70:679|4e7a8f0d-31f2-48fe-93c7-ba934eb2576b	j	4726.349481	18782.000
	
R1_14_1	0	FP	70:692|5a33e897-f808-4414-b2f8-94b716d243e1	o	4280.307947	17591.000
	
R2_7_2	0	FP	70:709|a40f622d-c790-4033-8d71-8169f43cc545	j	413.349560	1783.000
	
R2_7_2	0	FP	70:726|6492aad2-8b0d-4186-b71c-25c0ca60d7b3	j	412.267493	1783.000
	
R1_31_2	0	FP	70:729|35943950-3933-46b6-b943-f3626ac4e060	j	276.669830	1278.000
	
R2_42_1	0	FP	70:760|b7746fa9-7ec1-4842-a66f-91cfdd00a831	j	554.283796	2780.000
	
R2_6_1	0	FP	70:789|7062dc14-0de0-4d74-b089-dba44437c683	j	1104.235356	3588.000
	
R2_38_3	0	FP	70:833|a2297d1b-e7ae-4518-a294-afb812732428	j	858.343885	5063.000
	
R1_11_2	0	FP	70:842|c17e3cd2-a740-468b-a6ad-fb24fc988bcb	j	1834.896098	11031.000
	
R1_11_2	0	FP	70:864|b41d081c-68e4-49ba-95b1-6a659c7ba0c0	j	1833.731718	11024.000
	
R2_154_2	0	FP	70:883|45a091f0-6d27-44af-bb10-536b8ea57ee8	x	1.846547	12.000
	
R2_154_2	0	FP	70:923|da9c0f0e-d3ce-4ea3-8e14-6fb7f03343a2	s	1638.503087	10648.000
	
R2_38_3	0	FP	70:968|d9f6b913-6696-45dd-b0c9-2fadaf6e5948	j	883.550573	6192.000
	
R1_73_1	0	FP	716:1704|83bd4d4e-b82c-4db4-b29a-badb5852ee65	j	275.171079	2268.000
	
R2_46_1	0	FP	718:1672|1d2747b5-cdc5-4611-b86f-4b86b3b7c41e	j	65.196409	513.000
	
R2_46_1	0	FP	71:1054|b5bbf29c-94b2-4e31-91fd-0c93a58ad73d	j	61.732295	513.000
	
R1_73_1	0	FP	71:1058|8ecfcbdc-0adb-4b58-a28f-688bb09670c3	j	221.921834	1907.000
	
R1_92_1	0	FP	71:1078|d0001548-6044-4c07-85db-82289ddc3e8a	y	274.116783	2340.000
	
R2_14_1	0	FP	71:1131|b5c41d07-6f4e-4830-853e-54914f4a6c40	j	738.235227	6770.000
	
R2_14_1	0	FP	71:1171|f4e7d6d1-6865-46fe-992e-9424c5f8fd5b	k	699.311590	6801.000
	
R1_73_1	0	FP	71:1199|60232b46-2f2d-4421-a270-1bc569c169e4	j	278.526569	3084.000
	
R1_73_1	0	FP	71:1307|8c9d1244-2666-4911-8fd9-506e5c07c074	j	610.710030	7336.000
	
R2_150_2	0	FP	71:1352|96bbf368-198d-4b5d-a3b0-538283614784	j	97.245765	1123.000
	
R2_42_1	0	FP	71:1472|061ff1e2-3bcf-4a63-a49a-5c2046e956eb	k	107.758353	1403.000
	
R1_73_1	0	FP	71:1605|04547b29-2a3b-4444-9722-7954efd91810	j	545.949849	7955.000
	
R1_73_1	0	FP	71:1664|d20f2f2b-df54-43af-b9d4-1c127a9108a4	j	151.818851	1241.000
	
R2_72_3	0	FP	71:1761|ec1e2a4f-5e7f-4983-991f-07e3ee451a6e	j	204.250270	2657.000
	
R2_7_2	0	FP	71:1803|f0559aeb-c1bc-4f04-a040-d6147442307e	j	216.202225	3608.000
	
R1_103_2	0	FP	71:1943|c8e75e7a-ad04-433e-a3a5-e099fc371e24	j	165.557293	3014.000
	
R1_73_1	0	FP	71:1981|b06cce53-a70a-427a-9db4-eec15eb6d662	j	606.764779	11376.000
	
R1_73_1	0	FP	71:1984|703fc9f4-fd8b-4ddc-8137-82df6b373818	j	607.759118	11374.000
	
R1_73_1	0	FP	71:2001|5eea7005-0c54-4798-9923-a0d8037fad02	j	604.193801	11362.000
	
R2_150_2	0	FP	71:216|5c87163f-ac6d-45c8-8904-e7b335d2c14f	o	204.321585	768.000
	
R2_26_1	0	FP	71:2881|f3e2c1f0-501e-4778-b4a1-01ac02b65125	j	2.919885	88.000
	
R2_6_1	0	FP	71:337|8be70261-9bab-4bba-b315-7ff1c8fb1d4a	j	768.778617	153.000
	
R2_6_1	0	FP	71:465|78f2767f-c00f-461b-bc8a-2a1863aa1a09	j	187.413627	418.000
	
R2_6_1	0	FP	71:602|153d1507-424d-4a51-a0fc-bf2b020b3268	j	1096.162548	3599.000
	
R2_6_1	0	FP	71:623|13b01eb9-d128-4af2-ad2c-1a0d2bae846c	j	1072.366923	3618.000
	
R2_38_3	0	FP	71:635|f33119b9-de05-4716-bf5f-adaa074337d1	j	1366.077028	4578.000
	
R2_38_3	0	FP	71:645|4b591fd6-6474-428b-9bbe-f70ac9bd61cf	j	1295.542197	4987.000
	
R2_14_1	0	FP	71:646|5d096d60-5258-40b5-ad1b-73bd352a8fb7	j	4988.852022	18752.000
	
R2_42_1	0	FP	71:650|420640d0-095b-4357-8619-b722cc6dd738	j	627.331115	2358.000
	
R2_14_1	0	FP	71:663|b7a65d54-31a4-4965-9bac-e6f9ddf28f73	j	4932.352569	18763.000
	
R2_38_3	0	FP	71:668|a1de80b9-1a7b-48a4-a720-19453c8dd610	j	1264.663645	4997.000
	
R2_14_1	0	FP	71:682|ed6d06fb-b98d-4cb5-bf57-2b9adabd405c	j	4508.972757	18786.000
	
R1_14_1	0	FP	71:694|33a78fff-587f-4ce7-8973-d5885f747d97	o	4189.676741	17598.000
	
R2_14_1	0	FP	71:706|25531874-6402-46d1-9355-b233844593e9	j	4448.767564	18787.000
	
R2_42_1	0	FP	71:746|65345c3f-9ccf-4187-9f4d-a43362e868f6	j	611.016863	2774.000
	
R1_11_2	0	FP	71:777|a1f63c7c-7df5-4fda-8c79-62075d63e9eb	j	680.363270	3551.000
	
R1_92_1	0	FP	71:805|311c4a67-7457-439f-8087-0702c57b008b	j	239.155277	1278.000
	
R1_73_1	0	FP	71:811|8e307c23-c487-4075-b2a2-272daf9e80f0	j	748.159468	4862.000
	
R1_11_2	0	FP	71:819|9c7bd210-32a5-49b8-a86f-36714960f77b	j	1913.856924	11029.000
	
R1_73_1	0	FP	71:855|5d57e114-d616-4c9b-9191-dd7acfeb3165	j	322.089700	2239.000
	
R1_11_2	0	FP	71:869|dd682470-bfb3-4a7c-bb58-209815dba629	j	1824.091477	11028.000
	
R1_73_2	0	FP	71:883|2e9ac971-55e2-4033-9196-76d073b47095	j	97.292999	727.000
	
R2_154_2	0	FP	71:926|c18d95d7-3fb7-4694-aff2-b050ca4d6b39	s	2.316255	15.000
	
R2_38_3	0	FP	71:965|1ceb6b10-7f6e-4099-b3a3-8f4a70121735	j	887.389938	6239.000
	
R1_73_1	0	FP	72:1082|2c70e19f-ebad-4288-8f54-2ff3e2a7054c	j	546.165815	4718.000
	
R1_33_1	0	FP	72:1111|53d5ce98-6c84-4894-990f-270568d0a598	j	66.986649	587.000
	
R1_73_1	0	FP	72:1112|8c8a7a2f-0e1c-4671-8df7-efd5ab188a66	j	148.748609	1322.000
	
R2_46_1	0	FP	72:1122|e724d600-d020-42d4-ab39-2c8797704ddf	n	33.506951	305.000
	
R1_73_1	0	FP	72:1149|6232dd47-d6c8-49dd-ac61-eb34be45295a	j	226.971079	2102.000
	
R2_150_2	0	FP	72:1150|b70fc75e-b6a5-41f2-bb39-3f73a4d728bf	j	162.337287	2937.000
	
R1_31_2	0	FP	72:1221|64d9ccc8-f4b1-46cf-840a-e226a0aadf19	j	19.584594	200.000
	
R2_53_2	0	FP	72:1222|b00ce6bb-7ece-4c3e-9b29-a65caa962de7	j	88.946354	861.000
	
R1_73_1	0	FP	72:1328|77fb47dd-da60-4c7b-baab-8189d9660fcc	j	731.396308	8322.000
	
R2_72_3	0	FP	72:1350|fff3a713-478a-4ed1-bf31-1a1f4e88a497	j	228.184193	2586.000
	
R1_73_1	0	FP	72:1372|2ce53b8b-0c85-4d59-b03b-c34532ad1836	j	704.643633	8233.000
	
R1_73_1	0	FP	72:1533|254d51cc-8e76-41a3-b744-b67d14703543	j	559.981426	7722.000
	
R1_73_2	0	FP	72:1715|73cedaca-dc81-4c65-bcd6-488552d29a6a	j	165.349644	1653.000
	
R2_7_2	0	FP	72:1778|6bcf963a-2a46-45ed-a6dc-f33773c6756b	j	217.382046	3608.000
	
R1_103_2	0	FP	72:1883|76a0d119-cffc-4e03-ac9b-02a22b3d8b7c	j	165.197154	2985.000
	
R2_72_3	0	FP	72:1887|0318758c-dc3b-40ea-b2f9-2b7385cc6e2e	j	150.178053	2615.000
	
R1_103_2	0	FP	72:1930|e7857567-b090-429f-aba4-9b30ffbfc7ee	j	165.916606	2998.000
	
R1_103_2	0	FP	72:1938|d411701c-326f-4cea-8aa0-65bb443793ce	j	165.136978	2997.000
	
R1_103_2	0	FP	72:1948|14415c67-9fa0-4bc8-bc9c-e23601c592fd	j	165.215464	3019.000
	
R1_73_1	0	FP	72:1998|a4fe5577-1569-4481-aa04-96ab7dd29474	j	599.468936	11246.000
	
R1_13_1	0	FP	72:2001|92baeb46-dc03-450d-9178-9c82135fb991	j	40.338920	770.000
	
R2_41_1	0	FP	72:2196|868e3e3a-d26a-4ef9-a3a9-3011c4d39038	j	26.249082	559.000
	
R1_92_1	0	FP	72:420|e7386b62-d68c-4cb7-b94c-907453e7353d	x	0.000000	0.000
	
R1_14_1	0	FP	72:482|4ad0175f-2302-4957-abbe-a504ca1a1a53	x	884.369261	1602.000
	
R2_6_1	0	FP	72:498|b02a8efd-2027-42f5-9e98-f684c406e1c3	j	514.528572	967.000
	
R2_6_1	0	FP	72:500|5c99b9ee-0101-4692-9e86-2eddf614dc44	j	557.561145	1010.000
	
R1_73_2	0	FP	72:514|3c07b42f-c438-47da-97c4-982b301708a1	x	0.000000	0.000
	
R1_73_1	0	FP	72:518|906e7e8f-33b2-4187-b520-7ed62fd4a8bf	j	54.177976	165.000
	
R2_151_2	0	FP	72:574|e0739c1e-f05a-4cd9-9312-e4bbf74b8641	j	1.516335	4.000
	
R2_6_1	0	FP	72:643|38fcd12a-3440-42a1-90ba-0462b43a05da	k	974.284583	3618.000
	
R2_14_1	0	FP	72:674|272ce4e5-5656-4ed6-8b0c-a881bb3e6a27	j	3731.672040	15125.000
	
R1_14_1	0	FP	72:679|5f6db51a-7d39-4db0-98dd-301736b34d5a	o	4253.669981	17626.000
	
R2_14_1	0	FP	72:690|8149ae1e-0587-46e3-b67d-9c3bec09cada	j	4753.181493	18781.000
	
R2_41_1	0	FP	72:696|046da8fb-73fb-4119-b952-60c90576edb3	j	858.099528	3478.000
	
R2_28_3	0	FP	72:710|2b41242e-3c1e-44e4-bd8a-26f9ae5ea0ab	k	57.654385	250.000
	
R2_150_2	0	FP	72:724|d9c1cba1-7944-45f5-86b0-1e95410a31fc	j	503.532101	2839.000
	
R1_31_2	0	FP	72:744|c65d8177-fb38-4d76-be8d-9c3cf016c07d	j	277.132590	1277.000
	
R1_73_1	0	FP	72:756|32ea7fe8-4a9f-4ef4-93a9-9c8ee79bf471-1	j	950.481412	7339.000
	
R1_31_2	0	FP	72:758|9f36c31a-23b6-48b8-b9e4-1d5d62c910d5	j	262.720040	1279.000
	
R2_65_1	0	FP	72:824|329c3a1b-0558-40b3-a30a-a0bc981d120d	x	0.617668	4.000
	
R1_11_2	0	FP	72:846|695a6a82-5071-4586-89c0-0562235ffad7	j	1830.616909	11026.000
	
R1_11_2	0	FP	72:866|cf22f73a-7258-4b51-a640-3785bf9f45e2	j	1790.560384	11028.000
	
R2_154_1	0	FP	72:924|6b5205c9-ce9f-4c1b-8185-536682694916	j	1539.714816	10651.000
	
R2_154_1	0	FP	72:937|27f76dc5-ab83-480b-9379-13904e99afdb	j	1557.120485	10648.000
	
R2_38_3	0	FP	72:953|256b0585-dc52-47b5-85b3-39e9ba693672	j	883.406738	6241.000
	
R2_150_2	0	FP	72:963|812e250b-d740-406d-bb0a-7053103d5f13	j	241.012168	1981.000
	
R2_38_3	0	FP	72:971|b1255690-a92b-4505-836b-a005d64d8bf3	j	875.541884	6235.000
	
R2_117_1	0	FP	72:990|df5adf32-db29-44f1-8088-59db8c61ffc4	j	70.764521	548.000
	
R1_73_1	0	FP	73:1038|c78d20fd-a9cc-4919-8129-2087d15766f9	j	705.846947	6457.000
	
R2_14_1	0	FP	73:1133|4367e83a-3fa9-4687-b135-6f247ff0418c	j	737.069573	6776.000
	
R2_14_1	0	FP	73:1155|9e15db05-8e22-4923-b649-d860aeef1a8c	j	735.111596	6758.000
	
R2_14_1	0	FP	73:1160|1c118775-78ed-4026-9849-50828f1862fe	j	713.463254	6769.000
	
R1_22_1	0	FP	73:1191|eb46aa14-168a-49e7-a89e-8b8a009e85d5	j	134.766235	1332.000
	
R2_150_2	0	FP	73:1209|21d93c15-302f-4719-8de6-8e2d847825fa	j	102.776249	1010.000
	
R2_150_2	0	FP	73:1221|cb32d0a1-a046-478e-a567-fa24c110f8de	j	103.250655	1017.000
	
R2_42_1	0	FP	73:1334|800d2f29-937d-4cb7-8e2c-2d65a6db93cb	j	94.109803	1074.000
	
R2_42_1	0	FP	73:1432|06a3b94d-189f-4dc8-a409-ea47d8d009ee	j	111.440743	1403.000
	
R1_73_1	0	FP	73:1492|ffb84726-9215-4197-a1aa-dbb211e421e6	j	573.448695	7661.000
	
R1_73_1	0	FP	73:1561|ef7f94b6-6bf0-42bd-aaf4-8290b02446d4	j	620.294682	8645.000
	
R2_7_2	0	FP	73:1820|04b35ce2-efa6-495a-877f-e212a9dd8c92	j	215.325729	3608.000
	
R2_150_2	0	FP	73:1846|4eac1758-471f-4da6-9c7b-ef0d5dd0cfcd	j	156.999231	2716.000
	
R1_73_1	0	FP	73:1878|38771713-bcff-44d7-9716-6be13e132607	j	613.809042	10695.000
	
R1_73_1	0	FP	73:1893|a1717c9b-9266-43e5-9ed6-01fb60623780	j	454.303133	7422.000
	
R1_103_2	0	FP	73:1915|c72ee11c-cb58-4820-a6c6-d5e98b600a5a	j	166.368442	3025.000
	
R1_103_2	0	FP	73:1932|8731587b-8c24-4dba-b311-e43cb4b5b4f4	j	165.893561	3022.000
	
R1_73_1	0	FP	73:2001|c558f45e-cb68-45e8-a6cb-baea0bdaf302	j	597.722278	11220.000
	
R1_73_1	0	FP	73:2006|042da28c-0f91-4120-ab45-cfccc3fe61ed	j	604.406508	11366.000
	
R2_154_2	0	FP	73:298|a5c4d5da-eb52-43f9-861f-7955c7085e49	x	0.000000	0.000
	
R2_6_1	0	FP	73:308|354bc628-2709-4df6-8a1a-3e11938c6314	j	1249.723258	186.000
	
R2_6_1	0	FP	73:431|aab45c1b-b4d7-45e3-9f38-a9ef999e79de	j	789.556634	885.000
	
R2_6_1	0	FP	73:575|6a747407-fcb6-4343-9b7b-eb2f9ffdb74a	j	1265.518599	3410.000
	
R2_6_1	0	FP	73:600|aaccd13e-c0be-4930-8be8-5b97175073f0	j	1096.948580	3614.000
	
R2_14_1	0	FP	73:640|be873775-0d6a-4980-9f89-23cd5c9446dc	j	5229.433008	18709.000
	
R2_14_1	0	FP	73:640|cbd9f87c-c9c6-46f2-8a2d-3df366e205b4	j	5048.345240	18747.000
	
R2_14_1	0	FP	73:659|6c27472d-34c8-48c5-aa3f-57cfc1a87b06	j	4964.586917	18717.000
	
R1_14_1	0	FP	73:660|043b722d-89a1-4f39-8384-b8b720d75b03	o	4496.387965	17410.000
	
R2_14_1	0	FP	73:663|84bd4caa-74f4-46e3-b3f3-5efb44ee4219	j	4973.605240	18751.000
	
R2_14_1	0	FP	73:663|ec3fd6f6-487a-4358-9dfa-a9e8619eac2a	j	4892.090584	18776.000
	
R1_14_1	0	FP	73:667|04033494-eba4-48f4-bd10-fa5b2e7f55a7	o	4452.377557	17290.000
	
R2_14_1	0	FP	73:675|52dc20bf-0b5a-4cf3-9770-075da9d6af08	j	4945.494042	18757.000
	
R1_14_1	0	FP	73:687|22910977-b307-4427-9a74-31d326b9cf86	x	2.563566	11.000
	
R2_41_1	0	FP	73:688|80a83f24-3cfb-461f-9010-d931ec44f2e6	j	881.493591	3483.000
	
R2_14_1	0	FP	73:692|fac379e1-68b2-4377-8548-4ac6338a440c	j	4739.348613	18780.000
	
R1_11_2	0	FP	73:716|c811d8f2-accb-4527-a0d6-b19e20a8abc4	j	619.418020	2735.000
	
R1_31_2	0	FP	73:762|2f7b28bf-de2e-4707-9425-f4c431a479cc	j	263.741333	1278.000
	
R1_11_2	0	FP	73:856|fbb475f8-4d77-499c-9f19-102f9f22c5f0	j	1847.817588	11025.000
	
R1_11_2	0	FP	73:877|5ed64446-1db2-477b-92b9-2e01f1033d34	j	1793.532589	11026.000
	
R2_151_2	0	FP	73:885|18c225f7-eb3f-45a6-8db0-00828e0e7f36	j	1.294161	8.000
	
R2_65_1	0	FP	73:888|dfd88d19-6769-4d49-9c9c-11abde1b22c9	o	1066.587446	6557.000
	
R1_73_1	0	FP	73:901|64bba9a6-3774-40bf-94fe-72b89e029bab	j	932.471784	6841.000
	
R2_117_1	0	FP	74:1002|fba7a4e5-1d98-4f3e-9491-6d1a346cd7ef	j	65.888734	555.000
	
R2_154_1	0	FP	74:1004|577951ba-f39b-44a3-baa4-f0f5f791f621	k	263.161070	2026.000
	
R1_73_1	0	FP	74:1130|3eeb9d72-3c56-4865-836d-a13eebe537f2	j	714.792336	7340.000
	
R2_14_1	0	FP	74:1155|49875167-bb7c-44e2-b9e3-e070625628cf	j	744.923780	6747.000
	
R1_73_1	0	FP	74:1182|abf3b981-5100-4317-a66c-ca4a73fe7456	j	280.048623	3085.000
	
R2_150_2	0	FP	74:1195|e6c22666-4909-492a-b962-d31dbd15bacc	j	103.013608	1010.000
	
R2_150_2	0	FP	74:1196|0e3ef530-043b-4998-9fd4-1cd764e4389f	j	103.404172	1015.000
	
R2_32_2	0	FP	74:1221|2e18138a-67a4-40fc-93bc-25263a915a14	j	7.000908	73.000
	
R1_73_1	0	FP	74:1272|4b92150a-cfbc-4bd7-80cd-2c867f7fee54	j	619.197068	7473.000
	
R2_72_1	0	FP	74:1344|b3ef74e8-acbd-4866-a189-8921682baf61	x	1.818487	21.000
	
R1_102_1	0	FP	74:1483|f0d1e0b9-52d4-4a1e-82ac-40a802dc5a12	j	6.682863	83.000
	
R2_26_1	0	FP	74:1666|53fcd647-8a78-4d8a-b9cb-c431d890a188	j	4.865444	78.000
	
R2_53_2	0	FP	74:1859|288ca42c-f533-46d3-94fe-c2ad492e1ea9	j	94.659363	1420.000
	
R1_103_2	0	FP	74:1900|6edab4e1-5023-492f-b8dc-ec979265a1e4	j	152.569078	2724.000
	
R1_103_2	0	FP	74:1922|f506c4d9-1a28-4275-96f7-d3438f7f10bc	j	165.935133	3019.000
	
R1_103_2	0	FP	74:1928|71750a16-efc9-4f90-a332-5063646c5414	j	165.338935	3025.000
	
R2_53_2	0	FP	74:1981|04d56bdc-5541-4507-b913-d97a56a91c1d	j	106.879954	1757.000
	
R1_13_1	0	FP	74:1993|a15497d5-825f-429f-9624-ee4bd4f94b05	j	40.531239	770.000
	
R1_13_1	0	FP	74:1999|11fd8eaa-062c-47e3-9f9d-3a19fdd03c80	j	40.267270	770.000
	
R1_73_1	0	FP	74:1999|a1cb33e0-3c04-4cf6-af34-99dbdf16ca47	j	607.759118	11374.000
	
R2_6_1	0	FP	74:458|32159fec-fc3a-4f20-af5f-e33db44154e8	j	746.760557	1209.000
	
R1_71_1	0	FP	74:495|7dbdd2db-153a-4a88-b98e-39195d026538	j	75.321386	139.000
	
R2_38_3	0	FP	74:649|222f868c-23fa-494d-8474-8befa29983b1	j	1286.786041	4997.000
	
R2_38_3	0	FP	74:650|cd0ae25f-77b1-4670-840c-e9c76c9530a5	j	1279.326412	4997.000
	
R2_14_1	0	FP	74:657|f0e1fcf4-6ac7-45e7-b8e5-b99a3f97bbc5	j	5056.423885	18777.000
	
R1_14_1	0	FP	74:750|8e2ba4c0-6397-429b-a455-dcb3a8e57515	x	2.238691	11.000
	
R1_11_2	0	FP	74:783|635082f4-190c-45b3-99bc-8f40b3f14b3f	j	704.246260	3572.000
	
R1_73_1	0	FP	74:798|f1480b51-e5da-413f-90fd-0c2538dcf6fb	j	331.305927	2033.000
	
R2_150_2	0	FP	74:861|386938cf-6fc2-49b8-ae45-42466af29027	j	509.493211	2838.000
	
R1_11_2	0	FP	74:889|af200920-5a4f-4aa0-9e93-e0fd111e0d87	j	1803.169523	11024.000
	
R2_65_1	0	FP	74:920|f6bfabd9-c696-40d6-b0f8-d01273138fa3	o	1063.939596	7408.000
	
R2_154_2	0	FP	752:1259|6dc0bca2-ee6b-4ec4-8240-3cc3667589a4	x	2.538118	10.000
	
R2_42_1	0	FP	759:1446|dd160c2b-b055-4306-acec-8531587ef0d1	j	573.709630	2780.000
	
R2_14_1	0	FP	75:1005|6e35b813-1e2e-405a-9c74-80bab7c0058d	j	4877.961867	18777.000
	
R2_65_1	0	FP	75:1012|14a09861-bc0a-4b23-9bc5-7f55369c3c62	x	0.662118	5.000
	
R1_22_1	0	FP	75:1118|bed6ca20-2578-46f4-847a-a2552daadeb5	j	142.552293	1275.000
	
R2_14_1	0	FP	75:1155|bb001b0b-529f-4717-986a-34af917f4b9c	j	727.917579	6799.000
	
R2_14_1	0	FP	75:1169|abbfb6d3-204c-4f8a-b318-de258256f70c	j	713.011104	6797.000
	
R2_65_1	0	FP	75:1201|7b80f0b0-489a-4563-b4cc-27d23370713d	x	0.328963	2.000
	
R1_22_1	0	FP	75:1222|520647fb-4880-4979-8a3d-d6fc74ebc370	j	130.259311	1314.000
	
R1_92_1	0	FP	75:1282|f5832e20-4002-463c-b0ce-8f7ffa13d2b0	j	155.554801	1305.000
	
R1_73_1	0	FP	75:1284|cb50fc87-5597-4e5e-abfc-afe7f029c69c	j	638.037254	7462.000
	
R1_73_1	0	FP	75:1395|69e8f5ff-457c-4d9e-9fb0-42e14030839e	j	625.304957	7483.000
	
R2_20_1	0	FP	75:1430|145057cd-2ed7-417c-a00b-59bc1a8bf369	j	0.404425	5.000
	
R2_42_1	0	FP	75:1470|5b2137b6-79a2-4692-8901-12756234800c	j	110.644737	1403.000
	
R2_42_1	0	FP	75:1482|cb0800c5-52b4-49d0-987d-c7d953f00dc2	k	108.703602	1403.000
	
R2_150_2	0	FP	75:1675|1c1fa1b2-1db3-4b15-8f7a-b48d203e39ec	j	171.749641	2627.000
	
R2_53_2	0	FP	75:1765|af9cb2a4-fa80-463c-92c4-eada36967594	j	99.436339	1441.000
	
R2_53_2	0	FP	75:1782|2b32520f-1757-41d9-b626-299aefd4fc61	j	106.377745	1709.000
	
R2_72_3	0	FP	75:1858|49491f43-d235-46b5-b0bb-dd90c4d4827c	j	149.959057	2601.000
	
R1_103_2	0	FP	75:1922|918f94cb-26e0-4b6e-af82-896b86feb51f	j	166.106587	3024.000
	
R1_73_1	0	FP	75:1980|931b0106-97af-47a6-98f4-8f214e63eca4	j	609.968126	11367.000
	
R1_73_1	0	FP	75:1998|28d47180-d048-43bd-9d76-dcfb477c480f	j	606.040241	11383.000
	
R1_11_2	0	FP	75:547|27a25739-abca-4692-8ebc-ad0991c6e450	j	106.286244	361.000
	
R2_38_3	0	FP	75:564|d6cf2731-5906-4fd5-83fa-94581e8697b2	j	1165.053141	3535.000
	
R2_7_2	0	FP	75:585|640348f7-4598-4e96-a1ae-bf391f258744	j	78.875944	217.000
	
R2_14_1	0	FP	75:634|ff798198-b671-45a9-9d42-c2944a59b4e2	j	5254.446431	18739.000
	
R2_154_2	0	FP	75:640|f0dc02e0-d426-4f7f-a467-9926f426dcde	x	2.300170	10.000
	
R2_6_1	0	FP	75:648|8e192c23-8c12-421e-af6a-e10316776625	j	1051.173019	3606.000
	
R2_14_1	0	FP	75:654|92f32b5d-7530-4209-bfeb-cbecf02b8d81	j	4934.718458	18772.000
	
R2_14_1	0	FP	75:664|b2a29be4-4c4c-4005-b76d-92c9d1f2e494	j	5096.575993	18753.000
	
R2_38_3	0	FP	75:666|7a77747f-b968-4764-8de6-77fa9cd25a18	j	1282.531858	4995.000
	
R2_14_1	0	FP	75:673|d63aeebb-b0a0-48a1-ba67-fd7c2dbb3740	j	4789.916278	18655.000
	
R2_7_2	0	FP	75:691|8d797673-69c8-4694-b267-895a82f9be03	j	419.373362	1771.000
	
R2_41_1	0	FP	75:692|d9bcf191-6169-4d0c-9dfa-4a174ea0f5f8	j	889.647157	3485.000
	
R2_38_3	0	FP	75:702|7ec4d939-7cf5-46e9-a9f5-c9562bb49ad6	j	131.871245	533.000
	
R2_7_2	0	FP	75:710|628bf4d4-310b-4a01-94c7-586f3b852b2c	j	419.727615	1782.000
	
R1_11_2	0	FP	75:713|e626ac3f-a5f3-42d3-a44c-4283a5e8b4a1	j	732.277706	3167.000
	
R2_65_1	0	FP	75:765|4b1c1519-d4e4-49e3-888f-8ad66d47aaf2	o	414.322241	2397.000
	
R1_11_2	0	FP	75:788|4801c47e-34bb-4e66-8bbd-4c1259fd2223	j	1920.672547	10068.000
	
R1_92_1	0	FP	75:829|76fc3935-1284-42a6-983f-42d7dc7df40f	j	237.377519	1290.000
	
R1_11_2	0	FP	75:864|5143bfb9-400e-4faa-aa95-4bcec88f803a	j	1816.626012	11024.000
	
R2_150_2	0	FP	75:864|7d558471-3e6e-4a50-8471-c25e72de1736	j	481.303237	2839.000
	
R1_11_2	0	FP	75:864|fe9a89ad-a272-45c1-8ab3-e9a800e8dfb6	j	1832.567338	11017.000
	
R2_65_1	0	FP	75:865|912a7e03-56dc-4e5e-90c7-7efe46360d06	o	884.802786	5179.000
	
R1_11_2	0	FP	75:872|2084063c-c948-4885-8e1d-42a2457991fd	j	1786.950818	11026.000
	
R1_11_2	0	FP	75:872|7f8b348f-1766-460a-8e7e-c8ed93a2c0f8	j	1837.524897	11026.000
	
R2_154_2	0	FP	75:903|6f4962a5-86fd-4d02-b84f-08847bd73235	s	1.843336	12.000
	
R2_154_2	0	FP	75:905|6ace0f3c-c29a-4072-b346-7a9061beb459	s	2.501282	16.000
	
R2_154_2	0	FP	75:917|de6eaa20-be1b-4866-aef0-1affd03fc33e	s	2.457781	16.000
	
R2_154_1	0	FP	75:951|62e6d0fe-d40d-4249-9f26-ca89171809f2	j	1519.958125	10652.000
	
R2_38_3	0	FP	75:980|64f0969e-200e-4521-8c09-a501fbd9a783	j	881.577421	6268.000
	
R2_154_1	0	FP	75:986|5895b593-4f8e-4296-91fc-c571bc8e7042	j	275.171078	2025.000
	
R2_117_1	0	FP	76:1012|038a8c55-4286-4dde-b189-a798ed4c9267	j	71.601971	548.000
	
R2_65_1	0	FP	76:1022|7f6883d6-86cc-426d-9490-c22a569893d8	x	0.640976	5.000
	
R1_73_1	0	FP	76:1050|8f15cfb3-424d-4905-a5da-e2d56cdabae0	j	871.569541	7154.000
	
R2_14_1	0	FP	76:1150|98a807f4-87ee-465d-affc-c6b3448bef61	j	735.873031	6765.000
	
R2_14_1	0	FP	76:1163|0a5073d6-271f-4647-9b01-8d36e00a9651	j	720.266493	6752.000
	
R1_73_1	0	FP	76:1248|55f99e16-1dea-4b87-ad6b-8daf9794a463	j	476.221397	5521.000
	
R1_22_1	0	FP	76:1255|5d198d76-a74e-43c4-9b17-25f97f7b00b5	j	128.773307	1334.000
	
R2_150_2	0	FP	76:1266|c7cf9038-7ac5-404c-9115-711098beb2b8	j	160.150419	1708.000
	
R2_150_2	0	FP	76:1328|ba9052cd-6cff-467f-969f-e35b204fe587	j	88.148441	990.000
	
R2_153_3	0	FP	76:1350|1e401602-bb8c-4c80-abc3-3ba86d35b9fe	j	0.476154	6.000
	
R2_72_3	0	FP	76:1388|5e0a5cb0-bdf9-4583-9ec4-66537874c3e6	j	3.375011	41.000
	
R1_73_1	0	FP	76:1544|d7c875ef-ee7d-4e40-a9ea-d571678523f0	j	748.339768	8142.000
	
R2_53_2	0	FP	76:1624|d6da3e90-15cf-4257-9061-88a37b4c081c	j	53.870973	788.000
	
R2_150_2	0	FP	76:1761|fc74d961-53a0-47ec-b427-af7cc321c393	j	147.022535	2342.000
	
R1_103_2	0	FP	76:1902|3e48bcce-893a-4c2d-b3c3-d6e041d8c32d	j	166.013958	2996.000
	
R1_103_2	0	FP	76:1919|3e047829-11a8-4013-8f1f-1b5b09a268bf	j	166.141906	3019.000
	
R1_103_2	0	FP	76:1934|65fb39b7-7b52-4c97-95cd-08d7b15068dc	j	165.550388	3012.000
	
R1_13_1	0	FP	76:2016|1166e2c7-c8cb-427a-a5e1-650edbb23cff	j	40.386829	770.000
	
R2_72_1	0	FP	76:308|1e70bbe6-ca84-4531-ac96-98a3eb73444a	x	0.000000	0.000
	
R1_41_1	0	FP	76:340|450444b4-d03c-4025-8101-4fe432d1aade	j	1205.611547	331.000
	
R2_42_1	0	FP	76:372|448b86c6-a74d-4e95-9c61-18d6468b61d0	o	285.300365	211.000
	
R2_6_1	0	FP	76:474|a19c3d36-3604-48c1-b813-1c75e364c118	j	621.462831	978.000
	
R2_41_1	0	FP	76:539|26b39e61-c7f2-44bb-9643-8f68c96e477e	j	222.115214	513.000
	
R2_6_1	0	FP	76:600|7c1c98bb-605d-4007-9b1f-69622b850c3d	j	305.007677	922.000
	
R2_38_3	0	FP	76:639|85d90ea7-3f99-4cf5-81c2-0678ce00c993	j	1293.631751	4965.000
	
R2_14_1	0	FP	76:642|5b45bbef-f467-485f-b77a-27b62cc181fa	j	3777.889744	11249.000
	
R2_14_1	0	FP	76:668|3f28d35b-84f4-45c0-a8d5-231adbb1d09a	j	4621.511398	18627.000
	
R2_14_1	0	FP	76:676|8cd53182-d5e8-46a2-81be-f49a00523409	j	4932.352569	18763.000
	
R2_65_1	0	FP	76:687|0f532432-f972-45c3-8f84-79ce67b37516	x	0.783963	3.000
	
R2_14_1	0	FP	76:695|1a2b96e4-db71-4bbd-9655-3a89a6c75314	j	5140.273172	18681.000
	
R2_7_2	0	FP	76:721|a21c1991-628d-4947-b1ff-4ff890e1217e	j	411.191077	1783.000
	
R1_31_2	0	FP	76:738|3a7fc172-9d07-44ac-b387-c4798d98934c	j	283.621333	1278.000
	
R1_11_1	0	FP	76:770|5b8a7891-a2d1-403d-a7f0-006b5c1f20cf	x	0.603598	3.000
	
R1_73_2	0	FP	76:814|775430d6-23e8-49ab-88cb-4a42a90857f6	o	212.465153	1412.000
	
R1_11_2	0	FP	76:824|6829a98f-f256-4de2-8441-3c090d9d22c7	j	1962.971429	10912.000
	
R1_11_2	0	FP	76:852|3becd415-7bec-4169-815f-50fc73720b78	j	1848.320395	11028.000
	
R1_11_2	0	FP	76:865|c4272a5e-9ec1-41f1-bf20-35d73a1533e4	j	1827.513787	11028.000
	
R2_154_2	0	FP	76:912|c82fee1d-2ed8-4488-8af2-4d9b827aa275	s	2.028701	13.000
	
R1_73_1	0	FP	76:915|685aa3b6-489b-4ed1-8b34-50fdf8fa2335	j	920.773710	6088.000
	
R1_92_1	0	FP	77:1015|2013a4b5-2bfa-430d-8b59-b9073f4b5aea	y	292.645047	2306.000
	
R1_92_1	0	FP	77:1078|b10db743-6498-4820-a820-dd2b31f808e1	y	274.480816	2340.000
	
R2_14_1	0	FP	77:1155|00462576-b8cd-4385-8d9e-ac808287ed17	j	728.344134	6770.000
	
R2_150_2	0	FP	77:1262|24b3391e-4796-4017-a841-2cf173e8d941	j	93.444150	986.000
	
R2_60_2	0	FP	77:1294|1f95bdbb-6b33-40e5-bf6c-85af4a6c026b	j	4.500714	48.000
	
R1_73_1	0	FP	77:1380|6d64a9da-35fa-4024-afc6-299c1ee1bff7	j	765.028418	5448.000
	
R1_73_1	0	FP	77:1444|0d0ba2ce-fe6b-4f19-a3b7-9b81e009c4e2	j	342.742106	4672.000
	
R2_150_2	0	FP	77:1599|5775af04-974c-4421-b9ed-f8332fc893e4	j	475.353479	6851.000
	
R2_60_2	0	FP	77:1723|ae13ad7e-9a5f-4362-a0eb-54f0e50843df	j	3.821524	62.000
	
R2_53_2	0	FP	77:1754|a94a64b5-fe31-4d40-bc5b-6a5c875d6a33	j	105.954710	1713.000
	
R2_72_3	0	FP	77:1765|e8de2680-774e-4034-b271-fa5784efe9f9	j	162.313113	2626.000
	
R2_45_2	0	FP	77:1801|5b794ab9-1d8a-4ad2-938c-272fb6726770	j	6.531808	111.000
	
R1_103_2	0	FP	77:1923|b42bec01-1327-4b70-b8fc-4b19906627da	j	167.903451	3032.000
	
R1_73_1	0	FP	77:1945|1eb8408b-091d-4d2d-90e7-bb0f28aec4ea	j	606.483839	11357.000
	
R1_103_2	0	FP	77:1969|7960ddd6-6c66-4c26-b04a-ff7c5357c544	j	165.427410	3021.000
	
R1_73_1	0	FP	77:1985|b04d1d2b-6077-4892-9a87-35a16c85b148	j	608.864134	11374.000
	
R2_53_2	0	FP	77:2002|8026cacd-3b4a-485b-9f76-cc46901a65b7	j	106.282012	1758.000
	
R1_73_2	0	FP	77:451|970c77ae-9aba-459a-9c10-4739f24c59c6	o	92.328367	323.000
	
R1_92_1	0	FP	77:569|fcf88f42-5e6c-40b3-a524-164ac30b3afe	j	245.892044	657.000
	
R1_31_2	0	FP	77:753|47cd10d0-1ec4-400b-83ae-b5e1f03b298a	j	276.453343	1277.000
	
R1_73_1	0	FP	77:779|c2e6e5ec-4a45-44da-bb2f-1e8c74cc7468	j	1051.907702	4990.000
	
R2_65_1	0	FP	77:790|057572f0-8226-4184-8834-4d5c363f74c7	x	0.638890	4.000
	
R1_101_1	0	FP	77:805|b2c8e29d-40a1-42eb-935e-51f7258d491b	j	29.250990	153.000
	
R2_38_3	0	FP	77:851|99ccf37a-58d9-4ead-a911-566c93264157	j	807.068616	4724.000
	
R2_154_1	0	FP	77:865|25852d7b-fe5f-4fdc-a1de-1a3004545e67	j	270.204980	1603.000
	
R2_154_2	0	FP	77:901|1258528c-19c1-4272-89c6-4ef0abdc2062	s	2.158065	14.000
	
R2_154_1	0	FP	77:931|6c6c8dd1-f17f-4934-9aec-b71ca319d618	j	1575.674080	10650.000
	
R2_154_2	0	FP	77:941|7d36bb1d-b1e5-4fc5-86fc-a95a41d9a29a	s	2.014464	13.000
	
R2_154_1	0	FP	77:953|f5e3bce9-eeef-447c-b29b-c7c57a752432	j	1570.413065	10650.000
	
R2_65_1	0	FP	78:1011|b99206f4-bc28-462b-8710-ee1d9dabd898	k	986.291115	7582.000
	
R2_117_1	0	FP	78:1067|2ee71f0c-43e9-4bde-a0e4-ed4a75c2227d	j	55.743343	491.000
	
R2_14_1	0	FP	78:1147|df169f64-2789-4225-8fe4-91e453c09768	j	717.253901	6740.000
	
R2_14_1	0	FP	78:1185|d0378d40-293c-4d02-bfb5-84a62ed27a81	k	710.793289	6800.000
	
R1_73_1	0	FP	78:1218|dc720038-8b9e-459f-974b-6671e61e8302	j	92.278694	1004.000
	
R1_22_1	0	FP	78:1261|915c5c23-1100-4f2d-9b16-bb0b92890567	j	128.632725	1334.000
	
R2_32_2	0	FP	78:1345|d8d7c8ba-55a9-4749-b704-b9e0c143d1e5	k	13.151403	155.000
	
R1_73_1	0	FP	78:1348|6018d0a8-5086-461c-85eb-720c3ba01700	j	713.413037	8392.000
	
R1_73_1	0	FP	78:1438|2d384f8b-21d2-4771-926b-69f7b083ef96	j	316.484911	4289.000
	
R2_150_2	0	FP	78:1676|d4ca27eb-41d8-42d8-8a35-3a4a89f786c5	j	171.782573	2610.000
	
R2_150_2	0	FP	78:1679|97fb8acb-2391-4b28-9512-6ebeec06de0d	j	174.262341	2697.000
	
R1_73_1	0	FP	78:1739|440f4ef5-794d-47a6-be4f-33c17e54d387	j	595.979559	8630.000
	
R1_23_1	0	FP	78:1768|f4c56bad-16e4-4529-9924-3cb80c19632b	j	4.759372	77.000
	
R2_150_2	0	FP	78:1806|8eadaf14-afb5-480a-9373-3262ef656006	j	168.404412	2797.000
	
R2_7_2	0	FP	78:1807|7fc52665-1acc-46f9-99dc-8f591c19c38c	j	217.233864	3608.000
	
R1_103_2	0	FP	78:1923|d62e7387-db50-43a6-b6b7-95630307d5a9	j	165.868021	2999.000
	
R1_73_1	0	FP	78:2019|54f3a607-3272-4133-9e58-2be9d1412f42	j	550.813250	10433.000
	
R1_73_1	0	FP	78:2034|28b97091-35f0-4130-9378-047727b174de	j	572.441231	10726.000
	
R2_41_1	0	FP	78:2289|48b634b4-c329-4cea-a401-83bf229c3943	j	16.167933	352.000
	
R2_28_2	0	FP	78:2649|f12278da-410e-47d4-ba91-4d04a819a94e	x	0.000000	0.000
	
R2_6_1	0	FP	78:622|c55c71e6-31dd-466b-98f0-fd9e99c9b838	j	1070.884934	3613.000
	
R2_26_1	0	FP	78:656|3a122574-34d8-454b-a5bd-aaa382313d4b	j	17.206465	75.000
	
R2_14_1	0	FP	78:657|1433d2c8-44a9-473d-bcc3-29a4aa62a322	j	4814.308776	18750.000
	
R2_14_3	0	FP	78:740|5b776d53-b52c-4782-949d-c7adb8b11600	x	0.655890	3.000
	
R1_11_2	0	FP	78:815|c5950ad2-59e3-489a-be04-57329b848720	j	1995.310536	11024.000
	
R2_28_1	0	FP	78:867|f4c0ceb1-5bb8-41b1-adcb-5c7b43d19ad9	o	26.427294	187.000
	
R1_11_2	0	FP	78:868|ca0764b9-18a6-4c31-9545-ed98e4059daf	j	1841.332417	11028.000
	
R1_11_2	0	FP	78:871|ece6cabc-9b45-485d-9684-2170ed68aed3	j	1800.489554	11028.000
	
R2_154_2	0	FP	78:908|5ae06005-dfb8-4b3c-9124-eb511999cad4	o	1342.125104	9193.000
	
R2_38_3	0	FP	78:923|ad284ca2-a539-4f26-8299-fc33b7360544	j	888.963674	6240.000
	
R2_154_2	0	FP	78:924|fd3f820f-679c-4b91-9076-54394aa077ce	s	2.536403	17.000
	
R2_117_1	0	FP	78:985|9d0f2536-d665-462d-8066-178bb3a78ece	j	67.644001	556.000
	
R2_14_1	0	FP	792:1419|8cec3593-75bb-4c14-a814-308263d77a8d	j	4659.471952	18780.000
	
R2_14_1	0	FP	794:1384|e9809f3a-b94d-4b21-bd09-5b295452537a	j	5097.391314	18756.000
	
R2_72_3	0	FP	794:2269|0f736f72-f2f3-455b-91a7-491cb980e854	j	200.427467	2664.000
	
R2_41_1	0	FP	797:1384|331e79f4-c5d4-49d9-883a-3db6e595525e	j	877.225763	3486.000
	
R2_117_1	0	FP	79:1148|60aeaa5c-b056-4c0b-ad65-6d372c457b7a	j	54.185346	492.000
	
R2_150_2	0	FP	79:1294|273fb3b4-9b0b-4355-b66f-fa50c144393b	j	160.345153	1701.000
	
R1_73_1	0	FP	79:1376|c0d41b00-1a87-4786-aae1-20e3e1ade1f5	j	619.782691	7866.000
	
R2_7_2	0	FP	79:1518|2c00c334-c6db-4a74-81dd-2aa10c6e4449	j	142.863698	1928.000
	
R2_7_2	0	FP	79:1546|f8f59a96-3e32-4982-8963-7b3aa9cfd4e7	j	145.631402	1967.000
	
R1_103_2	0	FP	79:1870|5227681a-6f0d-4f81-bc09-0b19af11fbc0	j	169.415961	2973.000
	
R2_53_2	0	FP	79:1936|9b155280-31c4-431b-ab63-9e831362e4fa	j	96.507992	1734.000
	
R1_103_2	0	FP	79:1941|1f469561-1f0a-45ea-a6f1-6c69d2de1abd	j	165.399503	3013.000
	
R2_72_3	0	FP	79:1954|4adb3fec-18b3-4968-a6a5-073d5b9c4ab7	j	175.717491	3193.000
	
R2_53_2	0	FP	79:1999|ae5ff400-5c08-4826-bfb9-baff895e5649	j	106.732939	1757.000
	
R2_53_2	0	FP	79:2004|1a134ee0-2a65-469c-bda2-46dcbcd433eb	j	94.479969	1735.000
	
R1_14_1	0	FP	79:638|8c7ca3d2-3551-4051-b363-5cebbbcbd07c	o	1407.862619	4989.000
	
R2_28_3	0	FP	79:642|a0beac15-ef04-462a-8d0a-b74ce45bafa5	j	56.547665	242.000
	
R2_38_3	0	FP	79:643|5c6d7b8e-a720-4818-a009-08c5177e0f5d	j	1332.369504	4993.000
	
R2_14_1	0	FP	79:668|cf65f145-3b95-4a26-a601-0bacf5ea724a	j	4825.720639	18412.000
	
R2_14_1	0	FP	79:671|de48f2c5-b803-4a15-ad78-e6589c8276a8	j	4891.569484	18774.000
	
R2_41_1	0	FP	79:710|41b219ca-150b-45c8-9ce9-f8f3804d40be	j	821.083315	3486.000
	
R1_14_1	0	FP	79:720|193c9e30-62af-43bf-939b-a4c1aad18d46	x	2.536793	11.000
	
R2_42_1	0	FP	79:731|34d3d627-7c53-432f-ae1b-4d6134827063	j	603.927131	2776.000
	
R2_7_2	0	FP	79:736|8e037a0a-e411-4e9e-a5fc-7ebebd0a30f1	j	405.892223	1783.000
	
R2_7_2	0	FP	79:751|9e82e585-c3b5-4244-9c37-bcd9e47ab859	j	376.018607	1788.000
	
R2_150_2	0	FP	79:836|03e1ff89-b195-4d57-bdd9-0cd69b12b1e9	j	506.583811	2839.000
	
R2_14_1	0	FP	79:858|661f4d2b-d5dc-452f-baf9-4371f04d5b7a	j	510.632388	3012.000
	
R2_38_3	0	FP	79:871|35b0acf2-f830-4632-9b6e-08f9d7e279e6	j	879.137780	5325.000
	
R2_154_2	0	FP	79:905|816ae0ff-f81a-4450-bae7-6bf2d27944fa	s	2.316255	15.000
	
R2_38_3	0	FP	79:954|bd8fddf9-fc0f-45fc-8c64-172f76f5e789	j	911.395582	6253.000
	
R2_14_1	0	FP	803:1403|b3adef43-17fc-48d5-b035-09368f4138e2	j	4720.813346	18760.000
	
R2_14_1	0	FP	80:1166|fa51f277-48d9-4e84-9182-71f8b6bd6211	j	719.351554	6776.000
	
R2_14_1	0	FP	80:1184|98a8d5ca-3c17-4d2f-98cf-7d9800514b67	j	714.612743	6699.000
	
R1_73_1	0	FP	80:1199|1f8927d7-f334-4c6f-9152-26d5fd2c9637	j	242.769992	2372.000
	
R2_150_2	0	FP	80:1711|58a098a9-02db-4008-8b5e-cc840afe2b51	j	172.477602	2685.000
	
R1_103_2	0	FP	80:1782|5311b846-df13-4cd9-81a2-b304596a07ad	j	176.954287	2937.000
	
R1_73_1	0	FP	80:1995|b23b94c8-0076-4ed9-965a-a5290a894c8a	j	606.277492	11360.000
	
R2_38_3	0	FP	80:438|0880243d-fe7d-4bd4-9330-ff09e14311de	j	223.945935	322.000
	
R2_6_1	0	FP	80:513|a4096a64-4dad-4981-b69b-30de4f984296	j	211.605776	448.000
	
R2_6_1	0	FP	80:568|79425121-c707-443a-b1ca-7a308e7f08ac	j	1134.276820	2761.000
	
R2_14_1	0	FP	80:594|969255e2-99cd-4bc9-8103-6f15c00c07d8	j	3837.447496	11296.000
	
R2_150_2	0	FP	80:637|e333d526-6739-4185-b60e-8b3d368fdbb6	j	138.143897	452.000
	
R2_14_1	0	FP	80:679|12f1e360-3c08-432f-ab77-a70909d1be11	j	4906.041583	18774.000
	
R2_14_1	0	FP	80:679|fcc44620-418c-4b5c-aaf9-fbc23e07380f	j	4879.520570	18783.000
	
R2_14_1	0	FP	80:697|2c99493f-2647-437e-a34e-89be44d6d32d	j	4845.820069	18763.000
	
R2_14_1	0	FP	80:700|f9c87823-a519-498a-8c3c-bf2c55e7d40e	j	4723.581413	18771.000
	
R2_41_1	0	FP	80:712|755ddb08-f708-4857-8c31-9bd11fa2bc2c	j	831.940315	3485.000
	
R1_11_2	0	FP	80:860|d5b33ccf-3ba9-4096-b390-7b787ae65025	j	1821.507441	11033.000
	
R2_38_3	0	FP	80:960|baaf16ea-74bd-4898-8edf-280f6f01bf47	j	891.113264	6245.000
	
R2_41_1	0	FP	812:1445|63eed445-875e-44dc-a904-0ed4358bbb20	j	857.677557	3486.000
	
R2_14_1	0	FP	81:1159|cc135fc6-8688-4488-90db-fa36c41def71	j	699.817805	6489.000
	
R2_14_1	0	FP	81:1166|a4dea2bb-ddf5-40cd-969c-a4d6c7c29152	j	716.754910	6784.000
	
R1_11_2	0	FP	81:1351|aac14d2a-6903-43b2-8ab2-8c5b3b59fb0c	j	1862.118920	11026.000
	
R2_72_3	0	FP	81:1364|a6169f34-1078-4188-8013-ad714349a05c	j	54.532025	639.000
	
R2_38_3	0	FP	81:655|f753cf3c-663c-470b-8112-33c41ef76839	j	1291.065103	4999.000
	
R2_14_1	0	FP	81:701|985fc298-1c46-4714-8cfd-3ac7aaa52893	j	4817.133170	18761.000
	
R1_11_1	0	FP	81:785|1b2f02d6-7e3e-41f2-9aa9-2eb6f5e0a854	x	0.599501	3.000
	
R1_11_2	0	FP	81:871|a05ea023-94b5-4845-9fdb-af9107573362	j	1841.332417	11028.000
	
R2_65_1	0	FP	81:946|0c2e82b7-943e-4511-a227-c12544ac557b	o	1075.582043	7416.000
	
R2_117_1	0	FP	82:1013|7f1b9f3d-c2f0-44e8-a6c8-f8fafa8119f5	j	71.050891	547.000
	
R2_14_1	0	FP	82:1177|c5bc39a4-b699-4ed2-a4d2-9c2efbc7f5c0	j	706.506372	6679.000
	
R1_92_1	0	FP	82:1286|e50ad9dd-2214-489b-ab78-7684e3d512ca	j	567.949008	1196.000
	
R1_73_1	0	FP	82:1900|f4528638-4f32-45db-b5a9-c3e4c373285d	j	523.929235	9384.000
	
R2_38_3	0	FP	82:673|41767a5b-d35e-4880-bc61-8639f3966201	j	1298.140036	4997.000
	
R2_14_1	0	FP	82:693|4a313f9e-c928-40c1-a62b-290e3391ff1f	j	4778.080614	18663.000
	
R2_42_1	0	FP	82:758|e83ad936-be43-45be-8f30-3673836e4aa6	j	0.224749	1.000
	
R2_154_2	0	FP	82:907|f890efec-fa2f-40be-b214-63eb9f94549c	s	2.054105	13.000
	
R1_103_2	0	FP	83:1906|06337d61-2bae-4eda-9879-75bd9a38702f	j	166.894426	3010.000
	
R2_72_3	0	FP	83:1930|49dccc57-bafa-4956-95aa-ad9d77064858	j	174.900744	3194.000
	
R2_154_2	0	FP	83:786|f4beb389-b790-48ec-9a63-35dffad1c0b3	x	1993.023427	10357.000
	
R1_11_2	0	FP	83:868|47299d81-141e-423b-8a22-7ec595e1b080	j	1830.948963	11028.000
	
R2_154_1	0	FP	83:949|50684671-72d9-4404-b19b-e6c54708f95f	j	1573.186877	10651.000
	
R2_38_3	0	FP	83:969|b855443c-5277-410f-a9fb-dbdcc7ba76f9	j	878.898168	6239.000
	
R1_73_1	0	FP	84:1317|1308ae7f-1f89-4170-b2f1-e62c2042f9e0	j	735.327357	8092.000
	
R2_53_2	0	FP	85:2033|0940eb15-9de5-401b-8c59-685d747e659e	j	106.918367	1754.000
	
R2_7_2	0	FP	85:728|c0005e69-cc57-44d9-a46b-b76b80d8e11a	j	409.200199	1779.000
	
R2_42_1	0	FP	85:760|b97f7224-9358-4cfe-9274-7b6241a61462	j	569.716291	2780.000
	
R2_14_1	0	FP	879:1493|9f5908ab-1e88-4403-aaf0-229b74951320	j	4867.050944	18735.000
	
R1_11_2	0	FP	87:894|797ee95c-7d9f-4bcd-aea1-5b7161cb2fbc	j	1803.823794	11028.000
	
R2_7_2	0	FP	88:1788|eb6b4139-74d9-40a4-8e7d-91ae25879ddb	j	216.202225	3608.000
	
R2_37_2	0	FP	90:2313|ffce2aaf-551e-4a48-82fa-3fee924317b6	j	0.135125	3.000
	
R1_73_1	0	FP	91:916|d53db520-5761-42b4-8697-9605fb061b26	j	870.803618	6359.000
	
R2_154_2	0	FP	939:1778|eed34489-104e-4c93-ba3d-9fa03df3f427	s	2.332567	15.000
	
