Sequin	MixA	Type	Transcript	Classcode	TPM	nbReads
R1_101_1	11.3297	TP	R1_101_1	=	536.786829	81.000
R1_101_2	3.7766	TP	R1_101_2	=	345.340221	20.000
R1_102_1	13.2179	TP	R1_102_1	=	386.001250	154.000
R1_102_2	1.8883	TP	R1_102_2	=	254.346802	91.000
R1_103_1	60.4248	TP	R1_103_1	=	4575.298728	2214.000
R1_103_2	906.3721	TP	R1_103_2	=	9693.824778	5009.000
R1_11_1	483.3985	TP	R1_11_1	=	42497.430652	6194.000
R1_11_2	1450.1954	TP	R1_11_2	=	71770.089965	12354.000
R1_12_1	0.4131	TP	R1_12_1	=	2.932134	1.000
R1_13_1	113.2965	TP	R1_13_1	=	788.969586	429.000
R1_13_2	7.5531	TP	R1_13_2	=	339.944282	49.000
R1_14_1	483.3984	TP	R1_14_1	=	91064.715310	12130.000
R1_22_1	453.186	TP	R1_22_1	=	14471.596723	4279.000
R1_22_2	30.2124	TP	R1_22_2	=	13960.738786	3553.000
R1_23_1	26.4359	TP	R1_23_1	=	280.783920	130.000
R1_23_2	3.7766	TP	R1_23_2	=	160.071864	48.000
R1_31_1	211.4868	TP	R1_31_1	=	5853.138669	774.000
R1_31_2	30.2124	TP	R1_31_2	=	1099.067982	430.000
R1_32_1	56.6483	TP	R1_32_1	=	644.900478	144.000
R1_32_2	3.7766	TP	R1_32_2	=	571.463560	98.000
R1_33_1	60.4248	TP	R1_33_1	=	516.783403	351.000
R1_33_2	60.4248	TP	R1_33_2	=	1143.380331	284.000
R1_41_1	90.6372	TP	R1_41_1	=	2992.948581	182.000
R1_41_2	30.2124	TP	R1_41_2	=	285.560959	69.000
R1_43_2	0.8261	TP	R1_43_2	=	3.509291	3.000
R1_52_2	0.8851	TP	R1_52_2	=	14.871110	6.000
R1_61_1	1.8883	TP	R1_61_1	=	82.781313	11.000
R1_61_2	5.6648	TP	R1_61_2	=	196.298652	18.000
R1_62_1	2.8325	TP	R1_62_1	=	132.257959	30.000
R1_62_2	0.9442	TP	R1_62_2	=	65.953570	8.000
R1_71_1	3.7766	TP	R1_71_1	=	81.079879	15.000
R1_71_2	26.4359	TP	R1_71_2	=	440.079574	32.000
R1_72_1	0.6231	TP	R1_72_1	=	4.211466	1.000
R1_73_1	161.9385	TP	R1_73_1	=	5373.734611	2877.000
R1_73_2	79.7607	TP	R1_73_2	=	2822.809656	2375.000
R1_81_1	0.3163	TP	R1_81_1	=	4.863947	1.000
R1_91_1	1.8883	TP	R1_91_1	=	96.306147	11.000
R1_91_2	28.3241	TP	R1_91_2	=	317.869980	72.000
R1_92_1	60.4248	TP	R1_92_1	=	2287.910103	1021.000
R1_92_2	60.4248	TP	R1_92_2	=	4991.143607	766.000
R2_116_1	1.2463	TP	R2_116_1	=	37.673479	6.000
R2_116_2	1.2463	TP	R2_116_2	=	47.194000	7.000
R2_116_3	1.2463	TP	R2_116_3	=	167.787409	21.000
R2_117_1	30.2124	TP	R2_117_1	=	1934.167877	491.000
R2_117_3	30.2124	TP	R2_117_3	=	3037.743878	648.000
R2_140_1	60.4248	TP	R2_140_1	=	1820.116898	407.000
R2_14_1	551.0742	TP	R2_14_1	=	22955.637595	6049.000
R2_14_2	280.3711	TP	R2_14_2	=	126622.086620	14096.000
R2_14_3	135.3516	TP	R2_14_3	=	29510.615344	6466.000
R2_150_1	483.3985	TP	R2_150_1	=	15983.439698	2597.000
R2_150_2	483.3985	TP	R2_150_2	=	6627.026949	3403.000
R2_151_1	0.642	TP	R2_151_1	=	17.140048	3.000
R2_151_2	0.6231	TP	R2_151_2	=	24.864496	6.000
R2_151_3	0.6231	TP	R2_151_3	=	12.843231	1.000
R2_153_1	0.5381	TP	R2_153_1	=	15.014792	2.000
R2_153_3	0.1322	TP	R2_153_3	=	2.164389	1.000
R2_154_1	241.6992	TP	R2_154_1	=	6300.633286	1342.000
R2_154_2	1691.8946	TP	R2_154_2	=	74091.836296	13588.000
R2_19_1	4.985	TP	R2_19_1	=	84.293754	39.000
R2_19_2	10.1212	TP	R2_19_2	=	101.698129	219.000
R2_1_1	0.9441	TP	R2_1_1	=	20.859477	5.000
R2_20_2	0.4426	TP	R2_20_2	=	8.530820	3.000
R2_24_1	14.1621	TP	R2_24_1	=	54.465756	62.000
R2_24_2	0.9441	TP	R2_24_2	=	40.910505	36.000
R2_26_1	19.9402	TP	R2_26_1	=	441.762606	590.000
R2_26_2	40.4846	TP	R2_26_2	=	1850.988089	695.000
R2_27_1	0.4721	TP	R2_27_1	=	49.629733	32.000
R2_27_2	7.081	TP	R2_27_2	=	246.902123	68.000
R2_28_1	20.5444	TP	R2_28_1	=	1310.628566	315.000
R2_28_2	19.9402	TP	R2_28_2	=	338.274053	250.000
R2_28_3	19.9402	TP	R2_28_3	=	1545.300490	177.000
R2_32_1	17.2211	TP	R2_32_1	=	593.448735	118.000
R2_32_2	8.7616	TP	R2_32_2	=	309.228505	98.000
R2_32_3	4.2297	TP	R2_32_3	=	183.437959	53.000
R2_37_3	0.0779	TP	R2_37_3	=	7.462334	2.000
R2_38_1	31.9043	TP	R2_38_1	=	3494.556776	651.000
R2_38_2	64.7754	TP	R2_38_2	=	21250.612235	3487.000
R2_38_3	128.584	TP	R2_38_3	=	19692.720937	3941.000
R2_38_4	258.1347	TP	R2_38_4	=	30637.985778	3184.000
R2_41_1	15.1062	TP	R2_41_1	=	805.972600	501.000
R2_41_2	226.593	TP	R2_41_2	=	19633.440849	2312.000
R2_42_1	164.3555	TP	R2_42_1	=	2657.295635	955.000
R2_42_2	159.5215	TP	R2_42_2	=	13046.186197	1700.000
R2_42_3	159.5215	TP	R2_42_3	=	14359.650076	1423.000
R2_45_1	0.997	TP	R2_45_1	=	222.987620	81.000
R2_45_2	2.0242	TP	R2_45_2	=	181.239348	94.000
R2_45_3	4.0182	TP	R2_45_3	=	192.326079	106.000
R2_45_4	8.0667	TP	R2_45_4	=	309.323145	146.000
R2_46_1	82.1777	TP	R2_46_1	=	2912.761880	1566.000
R2_46_2	79.7607	TP	R2_46_2	=	7872.393847	385.000
R2_46_3	79.7607	TP	R2_46_3	=	4210.123863	1020.000
R2_47_1	0.1106	TP	R2_47_1	=	0.852926	1.000
R2_53_1	68.8843	TP	R2_53_1	=	7001.534640	3753.000
R2_53_2	35.0464	TP	R2_53_2	=	6137.484144	3434.000
R2_53_3	16.9189	TP	R2_53_3	=	6382.003733	2924.000
R2_54_1	0.0779	TP	R2_54_1	=	4.532354	4.000
R2_55_2	1.4162	TP	R2_55_2	=	83.184141	11.000
R2_55_3	0.4721	TP	R2_55_3	=	46.737775	8.000
R2_57_1	0.9441	TP	R2_57_1	=	111.585414	41.000
R2_57_2	6.609	TP	R2_57_2	=	163.754585	50.000
R2_59_1	4.3053	TP	R2_59_1	=	28.790469	22.000
R2_59_2	2.1904	TP	R2_59_2	=	9.738780	7.000
R2_59_3	1.0574	TP	R2_59_3	=	37.311669	10.000
R2_60_1	5.0606	TP	R2_60_1	=	129.226459	39.000
R2_60_2	2.4925	TP	R2_60_2	=	99.457984	44.000
R2_63_1	0.9442	TP	R2_63_1	=	42.350580	18.000
R2_63_3	0.9442	TP	R2_63_3	=	40.364442	6.000
R2_65_1	966.7969	TP	R2_65_1	=	51538.092297	10911.000
R2_67_1	3.7766	TP	R2_67_1	=	113.848425	10.000
R2_68_1	1.8883	TP	R2_68_1	=	11.245815	8.000
R2_68_2	1.8883	TP	R2_68_2	=	7.043767	4.000
R2_6_1	362.5488	TP	R2_6_1	=	9922.697930	945.000
R2_6_2	120.8496	TP	R2_6_2	=	3727.095086	289.000
R2_71_1	3.5406	TP	R2_71_1	=	42.527645	12.000
R2_72_1	127.6172	TP	R2_72_1	=	25632.001673	11455.000
R2_72_2	259.1016	TP	R2_72_2	=	24662.935621	12236.000
R2_72_2	259.1016	TP	transcript105.chrIS.nic	c	26061.594052	2373.000
R2_72_3	514.336	TP	R2_72_3	=	32478.476741	16845.000
R2_72_3	514.336	TP	transcript72.chrIS.nic	c	21099.544274	3469.000
R2_72_4	1032.5391	TP	R2_72_4	=	35836.580801	13744.000
R2_73_2	1.6523	TP	R2_73_2	=	6.796762	7.000
R2_7_1	241.6992	TP	R2_7_1	=	15072.082499	1867.000
R2_7_2	725.0977	TP	R2_7_2	=	6523.145028	3102.000
